List;Item;Order;Target;Sentence;CritWord;LSA to correct;
1;1;verb-final;correct;Menno leek niet bang voor geldproblemen na zijn pensioen, omdat hij een appeltje voor de dorst had ongetwijfeld.;dorst;NA;
3;1;verb-final;literal;Menno leek niet bang voor geldproblemen na zijn pensioen, omdat hij een appeltje voor de honger had ongetwijfeld.;honger;0,44;
5;1;verb-final;unrelated;Menno leek niet bang voor geldproblemen na zijn pensioen, omdat hij een appeltje voor de grens had ongetwijfeld.;grens;0,07;
1;2;verb-final;correct;Niels merkte dat hij de auditie erg spannend vond, omdat zijn hart in zijn keel klopte voor die tijd.;keel;NA;
3;2;verb-final;literal;Niels merkte dat hij de auditie erg spannend vond, omdat zijn hart in zijn nek klopte voor die tijd.;nek;0,44;
5;2;verb-final;unrelated;Niels merkte dat hij de auditie erg spannend vond, omdat zijn hart in zijn rang klopte voor die tijd.;rang;0,06;
1;3;verb-final;correct;Stefanie zag dat Martijn zich schaamde, omdat hij met zijn staart tussen zijn benen afdroop na het gesprek.;benen;NA;
3;3;verb-final;literal;Stefanie zag dat Martijn zich schaamde, omdat hij met zijn staart tussen zijn heupen afdroop na het gesprek.;heupen;0,54;
5;3;verb-final;unrelated;Stefanie zag dat Martijn zich schaamde, omdat hij met zijn staart tussen zijn goden afdroop na het gesprek.;goden;0,03;
1;4;verb-final;correct;Al snel kon Lars zijn internetbedrijf uitbreiden, omdat het hem voor de wind ging dat jaar.;wind;NA;
3;4;verb-final;literal;Al snel kon Lars zijn internetbedrijf uitbreiden, omdat het hem voor de storm ging dat jaar.;storm;0,76;
5;4;verb-final;unrelated;Al snel kon Lars zijn internetbedrijf uitbreiden, omdat het hem voor de druif ging dat jaar.;druif;0,04;
1;5;verb-final;correct;Zelfs na de zoveelste afwijzing liet Karel Wende niet met rust, omdat hij een bord voor zijn kop had blijkbaar.;kop;NA;
3;5;verb-final;literal;Zelfs na de zoveelste afwijzing liet Karel Wende niet met rust, omdat hij een bord voor zijn munt had blijkbaar.;munt;0,14;
5;5;verb-final;unrelated;Zelfs na de zoveelste afwijzing liet Karel Wende niet met rust, omdat hij een bord voor zijn sap had blijkbaar.;sap;0,07;
1;6;verb-final;correct;Jorik haatte Mariekes gemene opmerkingen, omdat hij door de grond ging tegenover zijn klasgenoten.;grond;NA;
3;6;verb-final;literal;Jorik haatte Mariekes gemene opmerkingen, omdat hij door de aarde ging tegenover zijn klasgenoten.;aarde;0,26;
5;6;verb-final;unrelated;Jorik haatte Mariekes gemene opmerkingen, omdat hij door de thee ging tegenover zijn klasgenoten.;thee;0,08;
1;7;verb-final;correct;De verpleegster had medelijden met de kermende patiënt, omdat hij door een hel ging na die kaakoperatie.;hel;NA;
3;7;verb-final;literal;De verpleegster had medelijden met de kermende patiënt, omdat hij door een duivel ging na die kaakoperatie.;duivel;0,63;
5;7;verb-final;unrelated;De verpleegster had medelijden met de kermende patiënt, omdat hij door een tas ging na die kaakoperatie.;tas;0,20;
1;8;verb-final;correct;Linda probeerde haar woedende broer te kalmeren, omdat hij door het lint ging tegen de portier.;lint;NA;
3;8;verb-final;literal;Linda probeerde haar woedende broer te kalmeren, omdat hij door het koord ging tegen de portier.;koord;0,23;
5;8;verb-final;unrelated;Linda probeerde haar woedende broer te kalmeren, omdat hij door het feest ging tegen de portier.;feest;0,03;
1;9;verb-final;correct;Sandra werd door de chirurg onder narcose gebracht, omdat ze onder het mes ging zometeen.;mes;NA;
3;9;verb-final;literal;Sandra werd door de chirurg onder narcose gebracht, omdat ze onder het bord ging zometeen.;bord;0,23;
5;9;verb-final;unrelated;Sandra werd door de chirurg onder narcose gebracht, omdat ze onder het paard ging zometeen.;paard;0,11;
1;10;verb-final;correct;Het slachthuis was niet blij met de geheime videobeelden, omdat ze op hun smoel gingen voor de inspectie.;smoel;NA;
3;10;verb-final;literal;Het slachthuis was niet blij met de geheime videobeelden, omdat ze op hun wang gingen voor de inspectie.;wang;0,70;
5;10;verb-final;unrelated;Het slachthuis was niet blij met de geheime videobeelden, omdat ze op hun brief gingen voor de inspectie.;brief;0,09;
1;11;verb-final;correct;Tijdens het popconcert stond Emma te springen, omdat ze uit haar dak ging met haar vriendinnen.;dak;NA;
3;11;verb-final;literal;Tijdens het popconcert stond Emma te springen, omdat ze uit haar pan ging met haar vriendinnen.;pan;0,59;
5;11;verb-final;unrelated;Tijdens het popconcert stond Emma te springen, omdat ze uit haar les ging met haar vriendinnen.;les;0,07;
1;12;verb-final;correct;De uitgeschakelde tennisser was erg teleurgesteld, omdat hij voor de bijl ging na slechts twee sets.;bijl;NA;
3;12;verb-final;literal;De uitgeschakelde tennisser was erg teleurgesteld, omdat hij voor de zaag ging na slechts twee sets.;zaag;0,32;
5;12;verb-final;unrelated;De uitgeschakelde tennisser was erg teleurgesteld, omdat hij voor de kers ging na slechts twee sets.;kers;0,33;
1;13;verb-final;correct;De winst van Anna's bedrijf was verdubbeld, omdat ze de wind in de zeilen had het afgelopen kwartaal.;zeilen;NA;
3;13;verb-final;literal;De winst van Anna's bedrijf was verdubbeld, omdat ze de wind in de doeken had het afgelopen kwartaal.;doeken;0,06;
5;13;verb-final;unrelated;De winst van Anna's bedrijf was verdubbeld, omdat ze de wind in de firma had het afgelopen kwartaal.;firma;0,03;
1;14;verb-final;correct;In principe was Victor de baas van het restaurant, omdat hij het heft in handen had sinds vorige zomer.;handen;NA;
3;14;verb-final;literal;In principe was Victor de baas van het restaurant, omdat hij het heft in wijsvinger had sinds vorige zomer.;wijsvinger;0,40;
5;14;verb-final;unrelated;In principe was Victor de baas van het restaurant, omdat hij het heft in zegels had sinds vorige zomer.;zegels;0,06;
1;15;verb-final;correct;Theo kon zijn ogen niet van Natascha afhouden, omdat hij vlinders in zijn buik kreeg van haar.;buik;NA;
3;15;verb-final;literal;Theo kon zijn ogen niet van Natascha afhouden, omdat hij vlinders in zijn navel kreeg van haar.;navel;0,28;
5;15;verb-final;unrelated;Theo kon zijn ogen niet van Natascha afhouden, omdat hij vlinders in zijn pech kreeg van haar.;pech;0,30;
1;16;verb-final;correct;De corrupte bankdirecteur ging vrijuit, omdat zijn collega hem de hand boven het hoofd hield tijdens het onderzoek.;hoofd;NA;
3;16;verb-final;literal;De corrupte bankdirecteur ging vrijuit, omdat zijn collega hem de hand boven het gezicht hield tijdens het onderzoek.;gezicht;0,57;
5;16;verb-final;unrelated;De corrupte bankdirecteur ging vrijuit, omdat zijn collega hem de hand boven het meer hield tijdens het onderzoek.;meer;0,10;
1;17;verb-final;correct;Irene kon niet ongezien weglopen, omdat haar ouders haar in de gaten hielden vanuit de woonkamer.;gaten;NA;
3;17;verb-final;literal;Irene kon niet ongezien weglopen, omdat haar ouders haar in de kousen hielden vanuit de woonkamer.;kousen;0,18;
5;17;verb-final;unrelated;Irene kon niet ongezien weglopen, omdat haar ouders haar in de beesten hielden vanuit de woonkamer.;beesten;0,15;
1;18;verb-final;correct;De inheemse bevolking kon geen kant op, omdat de machthebbers hen onder de duim hielden tijdens de oorlog.;duim;NA;
3;18;verb-final;literal;De inheemse bevolking kon geen kant op, omdat de machthebbers hen onder de pink hielden tijdens de oorlog.;pink;0,49;
5;18;verb-final;unrelated;De inheemse bevolking kon geen kant op, omdat de machthebbers hen onder de klok hielden tijdens de oorlog.;klok;0,70;
1;19;verb-final;correct;De huurmoordenaar kreeg een zware celstraf, omdat hij een drugsbaron om zeep hielp op de parkeerplaats.;zeep;NA;
3;19;verb-final;literal;De huurmoordenaar kreeg een zware celstraf, omdat hij een drugsbaron om schuim hielp op de parkeerplaats.;schuim;0,34;
5;19;verb-final;unrelated;De huurmoordenaar kreeg een zware celstraf, omdat hij een drugsbaron om trein hielp op de parkeerplaats.;trein;0,04;
1;20;verb-final;correct;Eva's computerprobleem was snel verholpen, omdat Ernst haar uit de brand hielp vanochtend.;brand;NA;
3;20;verb-final;literal;Eva's computerprobleem was snel verholpen, omdat Ernst haar uit de vonk hielp vanochtend.;vonk;0,25;
5;20;verb-final;unrelated;Eva's computerprobleem was snel verholpen, omdat Ernst haar uit de schep hielp vanochtend.;schep;0,14;
1;21;verb-final;correct;Dirk wist nu dat hij geen piloot kon worden, omdat de selectiecommissie hem uit de droom hielp tijdens de selectiedag.;droom;NA;
3;21;verb-final;literal;Dirk wist nu dat hij geen piloot kon worden, omdat de selectiecommissie hem uit de wens hielp tijdens de selectiedag.;wens;0,39;
5;21;verb-final;unrelated;Dirk wist nu dat hij geen piloot kon worden, omdat de selectiecommissie hem uit de dwerg hielp tijdens de selectiedag.;dwerg;0,10;
1;22;verb-final;correct;Tijdens de spooktocht gilden de kinderen het uit, omdat Joris hen de stuipen op het lijf joeg in het bos.;lijf;NA;
3;22;verb-final;literal;Tijdens de spooktocht gilden de kinderen het uit, omdat Joris hen de stuipen op het skelet joeg in het bos.;skelet;0,40;
5;22;verb-final;unrelated;Tijdens de spooktocht gilden de kinderen het uit, omdat Joris hen de stuipen op het plein joeg in het bos.;plein;0,07;
1;23;verb-final;correct;Hilda vond Maarten een pestkop, omdat hij haar op de kast joeg met zijn getreiter.;kast;NA;
3;23;verb-final;literal;Hilda vond Maarten een pestkop, omdat hij haar op de stoel joeg met zijn getreiter.;stoel;0,56;
5;23;verb-final;unrelated;Hilda vond Maarten een pestkop, omdat hij haar op de stip joeg met zijn getreiter.;stip;0,09;
1;24;verb-final;correct;Bart zag dat zijn mop grappig was, omdat zijn vrienden in een deuk lagen op de bank.;deuk;NA;
3;24;verb-final;literal;Bart zag dat zijn mop grappig was, omdat zijn vrienden in een auto lagen op de bank.;auto;0,13;
5;24;verb-final;unrelated;Bart zag dat zijn mop grappig was, omdat zijn vrienden in een worm lagen op de bank.;worm;0,05;
1;25;verb-final;correct;Die starterswoningen werden razendsnel verkocht, omdat ze in de smaak vielen bij veel mensen.;smaak;NA;
3;25;verb-final;literal;Die starterswoningen werden razendsnel verkocht, omdat ze in de geur vielen bij veel mensen.;geur;0,85;
5;25;verb-final;unrelated;Die starterswoningen werden razendsnel verkocht, omdat ze in de reis vielen bij veel mensen.;reis;0,07;
1;26;verb-final;correct;Uiteindelijk werden de reorganisatieplannen wel duidelijk, omdat de directeur zijn kaarten op tafel legde gisterochtend.;tafel;NA;
3;26;verb-final;literal;Uiteindelijk werden de reorganisatieplannen wel duidelijk, omdat de directeur zijn kaarten op keuken legde gisterochtend.;keuken;0,58;
5;26;verb-final;unrelated;Uiteindelijk werden de reorganisatieplannen wel duidelijk, omdat de directeur zijn kaarten op winst legde gisterochtend.;winst;0,03;
1;27;verb-final;correct;De fraudeurs wisten hun witwaspraktijken te verbergen, omdat ze de agenten om de tuin leidden bij huiszoekingen.;tuin;NA;
3;27;verb-final;literal;De fraudeurs wisten hun witwaspraktijken te verbergen, omdat ze de agenten om de vijver leidden bij huiszoekingen.;vijver;0,17;
5;27;verb-final;unrelated;De fraudeurs wisten hun witwaspraktijken te verbergen, omdat ze de agenten om de klas leidden bij huiszoekingen.;klas;0,06;
2;28;verb-final;correct;Sascha merkte dat Nathan geschrokken was van het ongeluk, omdat hij uit zijn doen was maandagavond.;doen;NA;
4;28;verb-final;literal;Sascha merkte dat Nathan geschrokken was van het ongeluk, omdat hij uit zijn actie was maandagavond.;actie;0,13;
6;28;verb-final;unrelated;Sascha merkte dat Nathan geschrokken was van het ongeluk, omdat hij uit zijn spek was maandagavond.;spek;0,03;
2;29;verb-final;correct;Vera was erg tevreden over het verloop van het evenement, omdat het op rolletjes liep vorig weekend.;rolletjes;NA;
4;29;verb-final;literal;Vera was erg tevreden over het verloop van het evenement, omdat het op papiertjes liep vorig weekend.;papiertjes;0,14;
6;29;verb-final;unrelated;Vera was erg tevreden over het verloop van het evenement, omdat het op gedachtes liep vorig weekend.;gedachtes;0,02;
2;30;verb-final;correct;Neeltje zei dat Floris wel iets zuiniger mocht leven, omdat hij een gat in zijn hand had sinds zijn loonsverhoging.;hand;NA;
4;30;verb-final;literal;Neeltje zei dat Floris wel iets zuiniger mocht leven, omdat hij een gat in zijn pols had sinds zijn loonsverhoging.;pols;0,56;
6;30;verb-final;unrelated;Neeltje zei dat Floris wel iets zuiniger mocht leven, omdat hij een gat in zijn nest had sinds zijn loonsverhoging.;nest;0,06;
2;31;verb-final;correct;Bij die protestactie moest de oproerpolitie optreden, omdat het uit de klauwen liep op het Malieveld.;klauwen;NA;
4;31;verb-final;literal;Bij die protestactie moest de oproerpolitie optreden, omdat het uit de beren liep op het Malieveld.;beren;0,36;
6;31;verb-final;unrelated;Bij die protestactie moest de oproerpolitie optreden, omdat het uit de tegels liep op het Malieveld.;tegels;0,03;
2;32;verb-final;correct;Alieke vond dat Alex wel iets bescheidener mocht zijn, omdat hij naast zijn schoenen liep zo langzamerhand.;schoenen;NA;
4;32;verb-final;literal;Alieke vond dat Alex wel iets bescheidener mocht zijn, omdat hij naast zijn veters liep zo langzamerhand.;veters;0,47;
6;32;verb-final;unrelated;Alieke vond dat Alex wel iets bescheidener mocht zijn, omdat hij naast zijn wapens liep zo langzamerhand.;wapens;0,07;
2;33;verb-final;correct;Johan ontdekte dat de HAVO eigenlijk te moeilijk voor hem was, omdat hij op zijn tenen liep het afgelopen jaar.;tenen;NA;
4;33;verb-final;literal;Johan ontdekte dat de HAVO eigenlijk te moeilijk voor hem was, omdat hij op zijn dijen liep het afgelopen jaar.;dijen;0,42;
6;33;verb-final;unrelated;Johan ontdekte dat de HAVO eigenlijk te moeilijk voor hem was, omdat hij op zijn parken liep het afgelopen jaar.;parken;0,04;
2;34;verb-final;correct;Groningen zal geen last meer hebben van die pyromaan, omdat hij tegen de lamp liep dinsdagavond.;lamp;NA;
4;34;verb-final;literal;Groningen zal geen last meer hebben van die pyromaan, omdat hij tegen de kaars liep dinsdagavond.;kaars;0,51;
6;34;verb-final;unrelated;Groningen zal geen last meer hebben van die pyromaan, omdat hij tegen de markt liep dinsdagavond.;markt;0,04;
2;35;verb-final;correct;Het was dom van de minister om de omstreden Betuwelijn zo te prijzen, omdat hij olie op het vuur gooide daardoor.;vuur;NA;
4;35;verb-final;literal;Het was dom van de minister om de omstreden Betuwelijn zo te prijzen, omdat hij olie op het kamp gooide daardoor.;kamp;0,26;
6;35;verb-final;unrelated;Het was dom van de minister om de omstreden Betuwelijn zo te prijzen, omdat hij olie op het plan gooide daardoor.;plan;0,03;
2;36;verb-final;correct;Uiteindelijk bekende de dief toch schuld, omdat de agent hem uit zijn tent lokte in de verhoorkamer.;tent;NA;
4;36;verb-final;literal;Uiteindelijk bekende de dief toch schuld, omdat de agent hem uit zijn camping lokte in de verhoorkamer.;camping;0,39;
6;36;verb-final;unrelated;Uiteindelijk bekende de dief toch schuld, omdat de agent hem uit zijn blad lokte in de verhoorkamer.;blad;0,05;
2;37;verb-final;correct;Na lang twijfelen deed Sara toch mee, omdat Steven haar over de streep trok met zijn argumenten.;streep;NA;
4;37;verb-final;literal;Na lang twijfelen deed Sara toch mee, omdat Steven haar over de lijn trok met zijn argumenten.;lijn;0,10;
6;37;verb-final;unrelated;Na lang twijfelen deed Sara toch mee, omdat Steven haar over de lach trok met zijn argumenten.;lach;0,24;
2;38;verb-final;correct;Uiteindelijk wist de rechercheur alles van de verdachte, omdat hij hem onder de loep nam in zijn onderzoek.;loep;NA;
4;38;verb-final;literal;Uiteindelijk wist de rechercheur alles van de verdachte, omdat hij hem onder de bril nam in zijn onderzoek.;bril;0,46;
6;38;verb-final;unrelated;Uiteindelijk wist de rechercheur alles van de verdachte, omdat hij hem onder de keus nam in zijn onderzoek.;keus;0,05;
2;39;verb-final;correct;Na het overlijden van zijn ouders hoefde David niet naar een pleeggezin, omdat opa hem onder zijn vleugels nam gelukkig.;vleugels;NA;
4;39;verb-final;literal;Na het overlijden van zijn ouders hoefde David niet naar een pleeggezin, omdat opa hem onder zijn vliegtuig nam gelukkig.;vliegtuig;0,43;
6;39;verb-final;unrelated;Na het overlijden van zijn ouders hoefde David niet naar een pleeggezin, omdat opa hem onder zijn kamer nam gelukkig.;kamer;0,02;
2;40;verb-final;correct;Kristel vond dat Paul haar te weinig uitdaagde, omdat hij haar naar de mond praatte elke keer.;mond;NA;
4;40;verb-final;literal;Kristel vond dat Paul haar te weinig uitdaagde, omdat hij haar naar de kus praatte elke keer.;kus;0,24;
6;40;verb-final;unrelated;Kristel vond dat Paul haar te weinig uitdaagde, omdat hij haar naar de test praatte elke keer.;test;0,04;
2;41;verb-final;correct;Het was duidelijk dat de directeur Stefans gespijbel ontdekt had, omdat hij hem op het matje riep maandagochtend.;matje;NA;
4;41;verb-final;literal;Het was duidelijk dat de directeur Stefans gespijbel ontdekt had, omdat hij hem op het tapijt riep maandagochtend.;tapijt;0,28;
6;41;verb-final;unrelated;Het was duidelijk dat de directeur Stefans gespijbel ontdekt had, omdat hij hem op het bestand riep maandagochtend.;bestand;-0,02;
2;42;verb-final;correct;De selectieprocedure was erg streng, omdat de toelatingscommissie het kaf van het koren scheidde voor die opleiding.;koren;NA;
4;42;verb-final;literal;De selectieprocedure was erg streng, omdat de toelatingscommissie het kaf van het meel scheidde voor die opleiding.;meel;0,51;
6;42;verb-final;unrelated;De selectieprocedure was erg streng, omdat de toelatingscommissie het kaf van het einde scheidde voor die opleiding.;einde;0,02;
2;43;verb-final;correct;Nadia schrok van Hendriks boze reactie, omdat hij uit zijn slof schoot vanuit het niets.;slof;NA;
4;43;verb-final;literal;Nadia schrok van Hendriks boze reactie, omdat hij uit zijn thuis schoot vanuit het niets.;thuis;0,13;
6;43;verb-final;unrelated;Nadia schrok van Hendriks boze reactie, omdat hij uit zijn roem schoot vanuit het niets.;roem;0,01;
2;44;verb-final;correct;Het was onmogelijk dat Michelle nog moe was, omdat ze een gat in de dag sliep zondag.;dag;NA;
4;44;verb-final;literal;Het was onmogelijk dat Michelle nog moe was, omdat ze een gat in de week sliep zondag.;week;0,69;
6;44;verb-final;unrelated;Het was onmogelijk dat Michelle nog moe was, omdat ze een gat in de sik sliep zondag.;sik;0,11;
2;45;verb-final;correct;Aljan kon Aïda al niet meer versieren, omdat Michiel haar aan de haak sloeg vorige week.;haak;NA;
4;45;verb-final;literal;Aljan kon Aïda al niet meer versieren, omdat Michiel haar aan de vis sloeg vorige week.;vis;0,66;
6;45;verb-final;unrelated;Aljan kon Aïda al niet meer versieren, omdat Michiel haar aan de stoep sloeg vorige week.;stoep;0,09;
2;46;verb-final;correct;Bas ontdekte dat zijn conditie erg slecht was, omdat hij naar adem snakte na de hardlooptraining.;adem;NA;
4;46;verb-final;literal;Bas ontdekte dat zijn conditie erg slecht was, omdat hij naar leven snakte na de hardlooptraining.;leven;0,20;
6;46;verb-final;unrelated;Bas ontdekte dat zijn conditie erg slecht was, omdat hij naar oven snakte na de hardlooptraining.;oven;0,09;
2;47;verb-final;correct;Alita omschreef Lisa als opvliegend, omdat ze uit haar vel sprong bij het minste of geringste.;vel;NA;
4;47;verb-final;literal;Alita omschreef Lisa als opvliegend, omdat ze uit haar huid sprong bij het minste of geringste.;huid;1,00;
6;47;verb-final;unrelated;Alita omschreef Lisa als opvliegend, omdat ze uit haar erf sprong bij het minste of geringste.;erf;0,12;
2;48;verb-final;correct;Tijdens de verhuizing kon Nico Merel goed gebruiken, omdat ze haar handen uit de mouwen stak bij het inpakken.;mouwen;NA;
4;48;verb-final;literal;Tijdens de verhuizing kon Nico Merel goed gebruiken, omdat ze haar handen uit de jassen stak bij het inpakken.;jassen;0,44;
6;48;verb-final;unrelated;Tijdens de verhuizing kon Nico Merel goed gebruiken, omdat ze haar handen uit de kranten stak bij het inpakken.;kranten;0,04;
2;49;verb-final;correct;Tessa wilde nooit meer in dat rare T-shirt gymmen, omdat ze voor aap stond tijdens de les.;aap;NA;
4;49;verb-final;literal;Tessa wilde nooit meer in dat rare T-shirt gymmen, omdat ze voor mens stond tijdens de les.;mens;0,22;
6;49;verb-final;unrelated;Tessa wilde nooit meer in dat rare T-shirt gymmen, omdat ze voor vork stond tijdens de les.;vork;0,06;
2;50;verb-final;correct;Het was duidelijk dat juf Cindy geen treitergedrag duldde, omdat ze pestkoppen op de vingers tikte in de klas.;vingers;NA;
4;50;verb-final;literal;Het was duidelijk dat juf Cindy geen treitergedrag duldde, omdat ze pestkoppen op de ringen tikte in de klas.;ringen;0,26;
6;50;verb-final;unrelated;Het was duidelijk dat juf Cindy geen treitergedrag duldde, omdat ze pestkoppen op de schapen tikte in de klas.;schapen;0,07;
2;51;verb-final;correct;Meester besloot Chris geen straf te geven, omdat hij met de hand over het hart streek voor een keertje.;hart;NA;
4;51;verb-final;literal;Meester besloot Chris geen straf te geven, omdat hij met de hand over het bloed streek voor een keertje.;bloed;0,65;
6;51;verb-final;unrelated;Meester besloot Chris geen straf te geven, omdat hij met de hand over het paar streek voor een keertje.;paar;0,08;
2;52;verb-final;correct;Simon vond de service bij de Belastingdienst waardeloos, omdat ze hem van het kastje naar de muur stuurden zoals gewoonlijk.;muur;NA;
4;52;verb-final;literal;Simon vond de service bij de Belastingdienst waardeloos, omdat ze hem van het kastje naar de verf stuurden zoals gewoonlijk.;verf;0,17;
6;52;verb-final;unrelated;Simon vond de service bij de Belastingdienst waardeloos, omdat ze hem van het kastje naar de kaas stuurden zoals gewoonlijk.;kaas;0,06;
2;53;verb-final;correct;Het vraagstuk over de zorgverzekeringen leek complex te zijn, omdat de minister in het duister tastte bij het debat.;duister;NA;
4;53;verb-final;literal;Het vraagstuk over de zorgverzekeringen leek complex te zijn, omdat de minister in het licht tastte bij het debat.;licht;0,57;
6;53;verb-final;unrelated;Het vraagstuk over de zorgverzekeringen leek complex te zijn, omdat de minister in het servet tastte bij het debat.;servet;0,07;
2;54;verb-final;correct;Hanna kon blijkbaar niet met geld omgaan, omdat haar spaargeld als sneeuw voor de zon verdween tijdens de uitverkoop.;zon;NA;
4;54;verb-final;literal;Hanna kon blijkbaar niet met geld omgaan, omdat haar spaargeld als sneeuw voor de maan verdween tijdens de uitverkoop.;maan;0,28;
6;54;verb-final;unrelated;Hanna kon blijkbaar niet met geld omgaan, omdat haar spaargeld als sneeuw voor de prop verdween tijdens de uitverkoop.;prop;0,12;
3;55;verb-final;correct;Voor Romy voelde het kennismakingsgesprek als een verhoor, omdat de bedrijfsleider haar het hemd van het lijf vroeg gisteren.;lijf;NA;
5;55;verb-final;literal;Voor Romy voelde het kennismakingsgesprek als een verhoor, omdat de bedrijfsleider haar het hemd van het been vroeg gisteren.;been;0,24;
1;55;verb-final;unrelated;Voor Romy voelde het kennismakingsgesprek als een verhoor, omdat de bedrijfsleider haar het hemd van het gips vroeg gisteren.;gips;0,05;
3;56;verb-final;correct;In het leger deelde de commandant bevelen uit, omdat hij de touwtjes in handen had op de kazerne.;handen;NA;
5;56;verb-final;literal;In het leger deelde de commandant bevelen uit, omdat hij de touwtjes in vuisten had op de kazerne.;vuisten;0,49;
1;56;verb-final;unrelated;In het leger deelde de commandant bevelen uit, omdat hij de touwtjes in pruimen had op de kazerne.;pruimen;0,15;
3;57;verb-final;correct;Sander zag dat iedereen zijn outfit misplaatst vond, omdat hij voor paal stond op het feestje.;paal;NA;
5;57;verb-final;literal;Sander zag dat iedereen zijn outfit misplaatst vond, omdat hij voor stok stond op het feestje.;stok;0,13;
1;57;verb-final;unrelated;Sander zag dat iedereen zijn outfit misplaatst vond, omdat hij voor room stond op het feestje.;room;0,06;
3;58;verb-final;correct;Na haar verhuizing heeft Frederik Tanja nooit weer gezien, omdat hij haar uit het oog verloor op den duur.;oog;NA;
5;58;verb-final;literal;Na haar verhuizing heeft Frederik Tanja nooit weer gezien, omdat hij haar uit het blauw verloor op den duur.;blauw;0,26;
1;58;verb-final;unrelated;Na haar verhuizing heeft Frederik Tanja nooit weer gezien, omdat hij haar uit het gif verloor op den duur.;gif;0,08;
3;59;verb-final;correct;Psychiatrische patiënten hebben het moeilijk in deze maatschappij, omdat ze buiten de boot vallen door hun aandoening.;boot;NA;
5;59;verb-final;literal;Psychiatrische patiënten hebben het moeilijk in deze maatschappij, omdat ze buiten de kano vallen door hun aandoening.;kano;0,57;
1;59;verb-final;unrelated;Psychiatrische patiënten hebben het moeilijk in deze maatschappij, omdat ze buiten de kras vallen door hun aandoening.;kras;0,04;
3;60;verb-final;correct;Joops vrienden wisten al lang dat hij op mannen viel, omdat hij uit de kast kwam op zijn zestiende.;kast;NA;
5;60;verb-final;literal;Joops vrienden wisten al lang dat hij op mannen viel, omdat hij uit de kleren kwam op zijn zestiende.;kleren;0,43;
1;60;verb-final;unrelated;Joops vrienden wisten al lang dat hij op mannen viel, omdat hij uit de pijl kwam op zijn zestiende.;pijl;0,00;
3;61;verb-final;correct;Piet vond het begin van die opdracht makkelijk, omdat de juf hem op weg hielp in de les.;weg;NA;
5;61;verb-final;literal;Piet vond het begin van die opdracht makkelijk, omdat de juf hem op straat hielp in de les.;straat;0,21;
1;61;verb-final;unrelated;Piet vond het begin van die opdracht makkelijk, omdat de juf hem op pil hielp in de les.;pil;0,05;
3;62;verb-final;correct;Florian baalde van zijn kledingkeus, omdat hij uit de toon viel met zijn slobbertrui.;toon;NA;
5;62;verb-final;literal;Florian baalde van zijn kledingkeus, omdat hij uit de muziek viel met zijn slobbertrui.;muziek;0,34;
1;62;verb-final;unrelated;Florian baalde van zijn kledingkeus, omdat hij uit de post viel met zijn slobbertrui.;post;-0,04;
3;63;verb-final;correct;Laura had spijt dat ze niet eerder concertkaartjes had gekocht, omdat ze achter het net viste deze keer.;net;NA;
5;63;verb-final;literal;Laura had spijt dat ze niet eerder concertkaartjes had gekocht, omdat ze achter het web viste deze keer.;web;0,08;
1;63;verb-final;unrelated;Laura had spijt dat ze niet eerder concertkaartjes had gekocht, omdat ze achter het pad viste deze keer.;pad;0,02;
3;64;verb-final;correct;De verdachte kon de waarheid moeilijk verbergen, omdat de rechter hem aan de tand voelde over de zaak.;tand;NA;
5;64;verb-final;literal;De verdachte kon de waarheid moeilijk verbergen, omdat de rechter hem aan de pijn voelde over de zaak.;pijn;0,21;
1;64;verb-final;unrelated;De verdachte kon de waarheid moeilijk verbergen, omdat de rechter hem aan de kooi voelde over de zaak.;kooi;0,05;
3;65;verb-final;correct;Mohammed slaagde met gemak voor zijn wiskundetoets, omdat het een fluitje van een cent was met zijn rekenmachine.;cent;NA;
5;65;verb-final;literal;Mohammed slaagde met gemak voor zijn wiskundetoets, omdat het een fluitje van een euro was met zijn rekenmachine.;euro;0,39;
1;65;verb-final;unrelated;Mohammed slaagde met gemak voor zijn wiskundetoets, omdat het een fluitje van een plaat was met zijn rekenmachine.;plaat;0,06;
3;66;verb-final;correct;Lianne was enorm blij met Susans cadeau, omdat het een schot in de roos was van haar.;roos;NA;
5;66;verb-final;literal;Lianne was enorm blij met Susans cadeau, omdat het een schot in de doorn was van haar.;doorn;0,24;
1;66;verb-final;unrelated;Lianne was enorm blij met Susans cadeau, omdat het een schot in de vorm was van haar.;vorm;0,11;
3;67;verb-final;correct;Tijdens die moeilijke periode kon Angela niet zonder Gerrit, omdat hij een rots in de branding was voor haar.;branding;NA;
5;67;verb-final;literal;Tijdens die moeilijke periode kon Angela niet zonder Gerrit, omdat hij een rots in de golven was voor haar.;golven;0,33;
1;67;verb-final;unrelated;Tijdens die moeilijke periode kon Angela niet zonder Gerrit, omdat hij een rots in de tantes was voor haar.;tantes;0,04;
3;68;verb-final;correct;Saar vrolijkte Bastiaan altijd op, omdat zij het zonnetje in huis was binnen het gezin.;huis;NA;
5;68;verb-final;literal;Saar vrolijkte Bastiaan altijd op, omdat zij het zonnetje in villa was binnen het gezin.;villa;0,39;
1;68;verb-final;unrelated;Saar vrolijkte Bastiaan altijd op, omdat zij het zonnetje in volk was binnen het gezin.;volk;0,16;
3;69;verb-final;correct;Casper deed niets liever dan schaatsen, omdat hij in zijn element was op het ijs.;element;NA;
5;69;verb-final;literal;Casper deed niets liever dan schaatsen, omdat hij in zijn onderdeel was op het ijs.;onderdeel;0,09;
1;69;verb-final;unrelated;Casper deed niets liever dan schaatsen, omdat hij in zijn agenda was op het ijs.;agenda;-0,01;
3;70;verb-final;correct;Hans was inmiddels overtuigd van Willemiens daadkracht, omdat ze spijkers met koppen sloeg bij de vergadering.;koppen;NA;
5;70;verb-final;literal;Hans was inmiddels overtuigd van Willemiens daadkracht, omdat ze spijkers met ruggen sloeg bij de vergadering.;ruggen;0,61;
1;70;verb-final;unrelated;Hans was inmiddels overtuigd van Willemiens daadkracht, omdat ze spijkers met peuters sloeg bij de vergadering.;peuters;0,05;
3;71;verb-final;correct;De scheidsrechter bestrafte de overtreding die achter hem plaatsvond niet, omdat hij hem over het hoofd zag uiteraard.;hoofd;NA;
5;71;verb-final;literal;De scheidsrechter bestrafte de overtreding die achter hem plaatsvond niet, omdat hij hem over het oor zag uiteraard.;oor;0,27;
1;71;verb-final;unrelated;De scheidsrechter bestrafte de overtreding die achter hem plaatsvond niet, omdat hij hem over het pand zag uiteraard.;pand;0,01;
3;72;verb-final;correct;De achtervolgde dief ging steeds harder rijden, omdat de politie hem op de hielen zat intussen.;hielen;NA;
5;72;verb-final;literal;De achtervolgde dief ging steeds harder rijden, omdat de politie hem op de zolen zat intussen.;zolen;0,45;
1;72;verb-final;unrelated;De achtervolgde dief ging steeds harder rijden, omdat de politie hem op de burgers zat intussen.;burgers;0,07;
3;73;verb-final;correct;Aletta probeerde Christiaan op te vrolijken, omdat hij in de put zat na zijn ontslag.;put;NA;
5;73;verb-final;literal;Aletta probeerde Christiaan op te vrolijken, omdat hij in de kuil zat na zijn ontslag.;kuil;0,23;
1;73;verb-final;unrelated;Aletta probeerde Christiaan op te vrolijken, omdat hij in de bok zat na zijn ontslag.;bok;0,16;
3;74;verb-final;correct;Op Moederdag verraste Tim zijn moeder, omdat hij haar in het zonnetje zette met bloemen.;zonnetje;NA;
5;74;verb-final;literal;Op Moederdag verraste Tim zijn moeder, omdat hij haar in het strand zette met bloemen.;strand;0,23;
1;74;verb-final;unrelated;Op Moederdag verraste Tim zijn moeder, omdat hij haar in het programma zette met bloemen.;programma;-0,01;
3;75;verb-final;correct;Roos moest die deadline nu wel halen, omdat haar baas haar het mes op de keel zette vanmiddag.;keel;NA;
5;75;verb-final;literal;Roos moest die deadline nu wel halen, omdat haar baas haar het mes op de hals zette vanmiddag.;hals;0,44;
1;75;verb-final;unrelated;Roos moest die deadline nu wel halen, omdat haar baas haar het mes op de tulp zette vanmiddag.;tulp;0,04;
3;76;verb-final;correct;Jacob zal zich voorlopig niet weer zo misdragen, omdat Sterre hem op zijn nummer zette woensdagavond.;nummer;NA;
5;76;verb-final;literal;Jacob zal zich voorlopig niet weer zo misdragen, omdat Sterre hem op zijn cijfer zette woensdagavond.;cijfer;0,23;
1;76;verb-final;unrelated;Jacob zal zich voorlopig niet weer zo misdragen, omdat Sterre hem op zijn ballon zette woensdagavond.;ballon;0,04;
3;77;verb-final;correct;Auke moest Brechtje eigenlijk wel ten huwelijk vragen, omdat ze hem voor het blok zette tijdens Kerst.;blok;NA;
5;77;verb-final;literal;Auke moest Brechtje eigenlijk wel ten huwelijk vragen, omdat ze hem voor het hout zette tijdens Kerst.;hout;0,25;
1;77;verb-final;unrelated;Auke moest Brechtje eigenlijk wel ten huwelijk vragen, omdat ze hem voor het land zette tijdens Kerst.;land;0,08;
3;78;verb-final;correct;Meester merkte dat Sascha nogal verlegen was, omdat hij op de achtergrond bleef bij groepsactiviteiten.;achtergrond;NA;
5;78;verb-final;literal;Meester merkte dat Sascha nogal verlegen was, omdat hij op de basis bleef bij groepsactiviteiten.;basis;0,41;
1;78;verb-final;unrelated;Meester merkte dat Sascha nogal verlegen was, omdat hij op de kandelaar bleef bij groepsactiviteiten.;kandelaar;0,06;
3;79;verb-final;correct;Berend viel voor Johanna's zwoele blik, omdat die hem het hoofd op hol bracht met haar ogen.;hol;NA;
5;79;verb-final;literal;Berend viel voor Johanna's zwoele blik, omdat die hem het hoofd op snel bracht met haar ogen.;snel;0,60;
1;79;verb-final;unrelated;Berend viel voor Johanna's zwoele blik, omdat die hem het hoofd op bad bracht met haar ogen.;bad;0,19;
3;80;verb-final;correct;Muhammed Ali won de wedstrijd dankzij een schijnbeweging, omdat hij zijn tegenstander van de wijs bracht op die manier.;wijs;NA;
5;80;verb-final;literal;Muhammed Ali won de wedstrijd dankzij een schijnbeweging, omdat hij zijn tegenstander van de deun bracht op die manier.;deun;0,67;
1;80;verb-final;unrelated;Muhammed Ali won de wedstrijd dankzij een schijnbeweging, omdat hij zijn tegenstander van de kern bracht op die manier.;kern;0,03;
3;81;verb-final;correct;Danny zapte snel weg van die gruwelijke horrorfilm, omdat hij het in zijn broek deed zowat.;broek;NA;
5;81;verb-final;literal;Danny zapte snel weg van die gruwelijke horrorfilm, omdat hij het in zijn rok deed zowat.;rok;0,58;
1;81;verb-final;unrelated;Danny zapte snel weg van die gruwelijke horrorfilm, omdat hij het in zijn drank deed zowat.;drank;0,07;
4;82;verb-final;correct;Kyra kon steeds sneller haar veters strikken, omdat ze het in de vingers kreeg dankzij die oefeningen.;vingers;NA;
6;82;verb-final;literal;Kyra kon steeds sneller haar veters strikken, omdat ze het in de handschoen kreeg dankzij die oefeningen.;handschoen;0,35;
2;82;verb-final;unrelated;Kyra kon steeds sneller haar veters strikken, omdat ze het in de meters kreeg dankzij die oefeningen.;meters;0,05;
4;83;verb-final;correct;Gedurende haar studietijd gaf Desirée haar spaargeld nooit uit, omdat ze het achter de hand hield voor later.;hand;NA;
6;83;verb-final;literal;Gedurende haar studietijd gaf Desirée haar spaargeld nooit uit, omdat ze het achter de voet hield voor later.;voet;0,36;
2;83;verb-final;unrelated;Gedurende haar studietijd gaf Desirée haar spaargeld nooit uit, omdat ze het achter de wijk hield voor later.;wijk;0,08;
4;84;verb-final;correct;Carolien was de deadline voor het artikel nog niet vergeten, omdat ze hem in haar achterhoofd hield al die tijd.;achterhoofd;NA;
6;84;verb-final;literal;Carolien was de deadline voor het artikel nog niet vergeten, omdat ze hem in haar hersens hield al die tijd.;hersens;0,24;
2;84;verb-final;unrelated;Carolien was de deadline voor het artikel nog niet vergeten, omdat ze hem in haar bediening hield al die tijd.;bediening;0,08;
4;85;verb-final;correct;Roberta vond dat de advocaat haar verhaal verdraaide, omdat hij haar woorden in de mond legde in de rechtbank.;mond;NA;
6;85;verb-final;literal;Roberta vond dat de advocaat haar verhaal verdraaide, omdat hij haar woorden in de tong legde in de rechtbank.;tong;0,79;
2;85;verb-final;unrelated;Roberta vond dat de advocaat haar verhaal verdraaide, omdat hij haar woorden in de stang legde in de rechtbank.;stang;0,10;
4;86;verb-final;correct;Leon had in Amsterdam geen navigatie nodig, omdat hij de stad op zijn duimpje kende inmiddels.;duimpje;NA;
6;86;verb-final;literal;Leon had in Amsterdam geen navigatie nodig, omdat hij de stad op zijn nagel kende inmiddels.;nagel;0,29;
2;86;verb-final;unrelated;Leon had in Amsterdam geen navigatie nodig, omdat hij de stad op zijn geweld kende inmiddels.;geweld;0,12;
4;87;verb-final;correct;Myra zou oma's levenslessen niet vergeten, omdat ze ze in haar oren knoopte zoals beloofd.;oren;NA;
6;87;verb-final;literal;Myra zou oma's levenslessen niet vergeten, omdat ze ze in haar neus knoopte zoals beloofd.;neus;0,66;
2;87;verb-final;unrelated;Myra zou oma's levenslessen niet vergeten, omdat ze ze in haar gebak knoopte zoals beloofd.;gebak;0,02;
4;88;verb-final;correct;De taallessen waren volgens Jacques erg nuttig, omdat hij het Nederlands onder de knie kreeg na een tijdje.;knie;NA;
6;88;verb-final;literal;De taallessen waren volgens Jacques erg nuttig, omdat hij het Nederlands onder de schijf kreeg na een tijdje.;schijf;0,07;
2;88;verb-final;unrelated;De taallessen waren volgens Jacques erg nuttig, omdat hij het Nederlands onder de boer kreeg na een tijdje.;boer;0,05;
4;89;verb-final;correct;De wielrenners moesten voor de bergetappe goed uitgerust zijn, omdat ze het voor hun kiezen kregen vandaag.;kiezen;NA;
6;89;verb-final;literal;De wielrenners moesten voor de bergetappe goed uitgerust zijn, omdat ze het voor hun gebit kregen vandaag.;gebit;0,89;
2;89;verb-final;unrelated;De wielrenners moesten voor de bergetappe goed uitgerust zijn, omdat ze het voor hun grotten kregen vandaag.;grotten;0,08;
4;90;verb-final;correct;Seth ging niet mee naar het feestje, omdat hij onder de wol kroop om half tien.;wol;NA;
6;90;verb-final;literal;Seth ging niet mee naar het feestje, omdat hij onder de trui kroop om half tien.;trui;0,49;
2;90;verb-final;unrelated;Seth ging niet mee naar het feestje, omdat hij onder de rem kroop om half tien.;rem;0,02;
4;91;verb-final;correct;De handelaar in nepgoud werd opgepakt, omdat hij door de mand viel op een gegeven moment.;mand;NA;
6;91;verb-final;literal;De handelaar in nepgoud werd opgepakt, omdat hij door de was viel op een gegeven moment.;was;0,14;
2;91;verb-final;unrelated;De handelaar in nepgoud werd opgepakt, omdat hij door de naam viel op een gegeven moment.;naam;0,08;
4;92;verb-final;correct;Sela wist nooit wat ze morgen ging doen, omdat ze bij de dag leefde uit principe.;dag;NA;
6;92;verb-final;literal;Sela wist nooit wat ze morgen ging doen, omdat ze bij de ochtend leefde uit principe.;ochtend;0,64;
2;92;verb-final;unrelated;Sela wist nooit wat ze morgen ging doen, omdat ze bij de bom leefde uit principe.;bom;0,06;
4;93;verb-final;correct;De leraar baalde van zijn slecht voorbereide les, omdat het in het honderd liep dinsdagmiddag.;honderd;NA;
6;93;verb-final;literal;De leraar baalde van zijn slecht voorbereide les, omdat het in het duizend liep dinsdagmiddag.;duizend;0,86;
2;93;verb-final;unrelated;De leraar baalde van zijn slecht voorbereide les, omdat het in het potlood liep dinsdagmiddag.;potlood;0,06;
4;94;verb-final;correct;Dora betreurde dat ze dat internetbedrijf zomaar vertrouwd had, omdat ze in de val liep van oplichters.;val;NA;
6;94;verb-final;literal;Dora betreurde dat ze dat internetbedrijf zomaar vertrouwd had, omdat ze in de muis liep van oplichters.;muis;0,26;
2;94;verb-final;unrelated;Dora betreurde dat ze dat internetbedrijf zomaar vertrouwd had, omdat ze in de kam liep van oplichters.;kam;0,01;
4;95;verb-final;correct;De agent moest snel achter de bankrover aan, omdat hij zich uit de voeten maakte met de buit.;voeten;NA;
6;95;verb-final;literal;De agent moest snel achter de bankrover aan, omdat hij zich uit de benen laarzen met de buit.;laarzen;0,44;
2;95;verb-final;unrelated;De agent moest snel achter de bankrover aan, omdat hij zich uit de taken maakte met de buit.;taken;0,01;
4;96;verb-final;correct;Ondanks zijn handicap reisde Job veel, omdat Abel hem op sleeptouw nam overal naartoe.;sleeptouw;NA;
6;96;verb-final;literal;Ondanks zijn handicap reisde Job veel, omdat Abel hem op knoop nam overal naartoe.;knoop;0,53;
2;96;verb-final;unrelated;Ondanks zijn handicap reisde Job veel, omdat Abel hem op vrede nam overal naartoe.;vrede;0,02;
4;97;verb-final;correct;De sollicitant kreeg weinig informatie over de functie, omdat de manager over koetjes en kalfjes praatte tijdens het interview.;kalfjes;NA;
6;97;verb-final;literal;De sollicitant kreeg weinig informatie over de functie, omdat de manager over koetjes en diertjes praatte tijdens het interview.;diertjes;0,17;
2;97;verb-final;unrelated;De sollicitant kreeg weinig informatie over de functie, omdat de manager over koetjes en toetjes praatte tijdens het interview.;toetjes;0,06;
4;98;verb-final;correct;Al snel wist iedereen dat Tijmen vader werd, omdat hij het van de daken schreeuwde op zijn werk.;daken;NA;
6;98;verb-final;literal;Al snel wist iedereen dat Tijmen vader werd, omdat hij het van de plafonds schreeuwde op zijn werk.;plafonds;0,55;
2;98;verb-final;unrelated;Al snel wist iedereen dat Tijmen vader werd, omdat hij het van de pubers schreeuwde op zijn werk.;pubers;-0,07;
4;99;verb-final;correct;Vanavond had Rinus zijn diploma-uitreiking, omdat hij met vlag en wimpel slaagde afgelopen donderdag.;wimpel;NA;
6;99;verb-final;literal;Vanavond had Rinus zijn diploma-uitreiking, omdat hij met vlag en vaandel slaagde afgelopen donderdag.;vaandel;0,04;
2;99;verb-final;unrelated;Vanavond had Rinus zijn diploma-uitreiking, omdat hij met vlag en deksel slaagde afgelopen donderdag.;deksel;0,02;
4;100;verb-final;correct;Kees zag zichzelf als kostwinner, omdat hij geld in het laatje bracht de afgelopen jaren.;laatje;NA;
6;100;verb-final;literal;Kees zag zichzelf als kostwinner, omdat hij geld in het bureau bracht de afgelopen jaren.;bureau;0,44;
2;100;verb-final;unrelated;Kees zag zichzelf als kostwinner, omdat hij geld in het koopje bracht de afgelopen jaren.;koopje;0,05;
4;101;verb-final;correct;De commentator vond de tactiek van Ajax erg riskant, omdat ze met vuur speelden tegen die club.;vuur;NA;
6;101;verb-final;literal;De commentator vond de tactiek van Ajax erg riskant, omdat ze met rook speelden tegen die club.;rook;0,48;
2;101;verb-final;unrelated;De commentator vond de tactiek van Ajax erg riskant, omdat ze met worst speelden tegen die club.;worst;0,06;
4;102;verb-final;correct;Nadine moest constant aan de knappe Kenny denken, omdat ze in vuur en vlam stond na hun date.;vlam;NA;
6;102;verb-final;literal;Nadine moest constant aan de knappe Kenny denken, omdat ze in vuur en warmte stond na hun date.;warmte;0,37;
2;102;verb-final;unrelated;Nadine moest constant aan de knappe Kenny denken, omdat ze in vuur en dijk stond na hun date.;dijk;-0,01;
4;103;verb-final;correct;De burgemeester had spijt van zijn schaamteloze uitspraken, omdat hij in zijn hemd stond voor iedereen.;hemd;NA;
6;103;verb-final;literal;De burgemeester had spijt van zijn schaamteloze uitspraken, omdat hij in zijn das stond voor iedereen.;das;0,32;
2;103;verb-final;unrelated;De burgemeester had spijt van zijn schaamteloze uitspraken, omdat hij in zijn kind stond voor iedereen.;kind;0,03;
4;104;verb-final;correct;Paulien vond de beoordeling van de groepsopdracht oneerlijk, omdat Sven met de eer streek van haar werk.;eer;NA;
6;104;verb-final;literal;Paulien vond de beoordeling van de groepsopdracht oneerlijk, omdat Sven met de trots streek van haar werk.;trots;0,45;
2;104;verb-final;unrelated;Paulien vond de beoordeling van de groepsopdracht oneerlijk, omdat Sven met de lak streek van haar werk.;lak;0,08;
4;105;verb-final;correct;Lara had de islam niet achterlijk mogen noemen, omdat ze Zarek op zijn ziel trapte met die opmerking.;ziel;NA;
6;105;verb-final;literal;Lara had de islam niet achterlijk mogen noemen, omdat ze Zarek op zijn geest trapte met die opmerking.;geest;0,61;
2;105;verb-final;unrelated;Lara had de islam niet achterlijk mogen noemen, omdat ze Zarek op zijn hoes trapte met die opmerking.;hoes;0,05;
4;106;verb-final;correct;Robert wist dat het bestuur geld verduisterde, omdat de kascommissie aan de bel trok in maart.;bel;NA;
6;106;verb-final;literal;Robert wist dat het bestuur geld verduisterde, omdat de kascommissie aan de fiets trok in maart.;fiets;0,16;
2;106;verb-final;unrelated;Robert wist dat het bestuur geld verduisterde, omdat de kascommissie aan de vlek trok in maart.;vlek;0,07;
4;107;verb-final;correct;De winkeldief kwam niet ver met zijn buit, omdat de agent hem in de kraag vatte bij de uitgang.;kraag;NA;
6;107;verb-final;literal;De winkeldief kwam niet ver met zijn buit, omdat de agent hem in de sjaal vatte bij de uitgang.;sjaal;0,39;
2;107;verb-final;unrelated;De winkeldief kwam niet ver met zijn buit, omdat de agent hem in de pomp vatte bij de uitgang.;pomp;0,00;
4;108;verb-final;correct;Zonder diploma kreeg Luuk geen baan of uitkering, omdat hij tussen wal en schip viel kennelijk.;schip;NA;
6;108;verb-final;literal;Zonder diploma kreeg Luuk geen baan of uitkering, omdat hij tussen wal en mast viel kennelijk.;mast;0,82;
2;108;verb-final;unrelated;Zonder diploma kreeg Luuk geen baan of uitkering, omdat hij tussen wal en vaas viel kennelijk.;vaas;0,03;
5;109;verb-final;correct;Aan de voornemens van Adriaan twijfelde Wilma nooit, omdat hij de daad bij het woord voegde meestal.;woord;NA;
1;109;verb-final;literal;Aan de voornemens van Adriaan twijfelde Wilma nooit, omdat hij de daad bij het boek voegde meestal.;boek;0,14;
3;109;verb-final;unrelated;Aan de voornemens van Adriaan twijfelde Wilma nooit, omdat hij de daad bij het dorp voegde meestal.;dorp;0,06;
5;110;verb-final;correct;Het volk had geen vertrouwen meer in de overheid, omdat Rutte zijn kop in het zand stak bij problemen.;zand;NA;
1;110;verb-final;literal;Het volk had geen vertrouwen meer in de overheid, omdat Rutte zijn kop in het kasteel stak bij problemen.;kasteel;0,13;
3;110;verb-final;unrelated;Het volk had geen vertrouwen meer in de overheid, omdat Rutte zijn kop in het lied stak bij problemen.;lied;0,04;
5;111;verb-final;correct;Jeroen vond Tirza onuitstaanbaar, omdat ze hem de oren van het hoofd kletste tijdens koffiepauzes.;hoofd;NA;
1;111;verb-final;literal;Jeroen vond Tirza onuitstaanbaar, omdat ze hem de oren van het brein kletste tijdens koffiepauzes.;brein;0,13;
3;111;verb-final;unrelated;Jeroen vond Tirza onuitstaanbaar, omdat ze hem de oren van het fruit kletste tijdens koffiepauzes.;fruit;0,10;
5;112;verb-final;correct;Tijdens carnaval was er altijd geluidsoverlast, omdat de feestgangers de boel op stelten zetten in veel steden.;stelten;NA;
1;112;verb-final;literal;Tijdens carnaval was er altijd geluidsoverlast, omdat de feestgangers de boel op latten zetten in veel steden.;latten;0,10;
3;112;verb-final;unrelated;Tijdens carnaval was er altijd geluidsoverlast, omdat de feestgangers de boel op kralen zetten in veel steden.;kralen;0,07;
5;113;verb-final;correct;De gemeente kon de wetswijziging eindelijk doorvoeren, omdat de kogel door de kerk was in het kabinet.;kerk;NA;
1;113;verb-final;literal;De gemeente kon de wetswijziging eindelijk doorvoeren, omdat de kogel door de mis was in het kabinet.;mis;0,05;
3;113;verb-final;unrelated;De gemeente kon de wetswijziging eindelijk doorvoeren, omdat de kogel door de hulp was in het kabinet.;hulp;0,06;
5;114;verb-final;correct;De barbecue kon helaas niet doorgaan, omdat de regen roet in het eten gooide zaterdagavond.;eten;NA;
1;114;verb-final;literal;De barbecue kon helaas niet doorgaan, omdat de regen roet in het drinken gooide zaterdagavond.;drinken;0,19;
3;114;verb-final;unrelated;De barbecue kon helaas niet doorgaan, omdat de regen roet in het geloof gooide zaterdagavond.;geloof;0,03;
5;115;verb-final;correct;Het was niet erg dat Bobs zusje het kaartspel niet snapte, omdat ze voor spek en bonen meedeed met ons.;bonen;NA;
1;115;verb-final;literal;Het was niet erg dat Bobs zusje het kaartspel niet snapte, omdat ze voor spek en erwten meedeed met ons.;erwten;0,72;
3;115;verb-final;unrelated;Het was niet erg dat Bobs zusje het kaartspel niet snapte, omdat ze voor spek en jurken meedeed met ons.;jurken;0,08;
5;116;verb-final;correct;Matthijs had in paniek zijn moeder gebeld, omdat hij met zijn handen in het haar zat na zijn wiskundetoets.;haar;NA;
1;116;verb-final;literal;Matthijs had in paniek zijn moeder gebeld, omdat hij met zijn handen in het kapsel zat na zijn wiskundetoets.;kapsel;0,66;
3;116;verb-final;unrelated;Matthijs had in paniek zijn moeder gebeld, omdat hij met zijn handen in het bedrag zat na zijn wiskundetoets.;bedrag;0,08;
5;117;verb-final;correct;Sofia schrok nogal van Michaels plotselinge mededeling, omdat hij met de deur in huis viel eerlijk gezegd.;huis;NA;
1;117;verb-final;literal;Sofia schrok nogal van Michaels plotselinge mededeling, omdat hij met de deur in raam viel eerlijk gezegd.;raam;0,36;
3;117;verb-final;unrelated;Sofia schrok nogal van Michaels plotselinge mededeling, omdat hij met de deur in rits viel eerlijk gezegd.;rits;0,05;
5;118;verb-final;correct;Maria moest Arjen alleen opvoeden, omdat zijn vader haar in de steek liet na de geboorte.;steek;NA;
1;118;verb-final;literal;Maria moest Arjen alleen opvoeden, omdat zijn vader haar in de wesp liet na de geboorte.;wesp;0,60;
3;118;verb-final;unrelated;Maria moest Arjen alleen opvoeden, omdat zijn vader haar in de doos liet na de geboorte.;doos;0,13;
5;119;verb-final;correct;Het bleek dat Jolien op het juiste moment solliciteerde, omdat ze met haar neus in de boter viel voor die baan.;boter;NA;
1;119;verb-final;literal;Het bleek dat Jolien op het juiste moment solliciteerde, omdat ze met haar neus in de melk viel voor die baan.;melk;0,78;
3;119;verb-final;unrelated;Het bleek dat Jolien op het juiste moment solliciteerde, omdat ze met haar neus in de herfst viel voor die baan.;herfst;0,04;
5;120;verb-final;correct;Stijns ouders konden gerust een avondje uitgaan, omdat de oppas een oogje in het zeil hield thuis.;zeil;NA;
1;120;verb-final;literal;Stijns ouders konden gerust een avondje uitgaan, omdat de oppas een oogje in het roer hield thuis.;roer;0,58;
3;120;verb-final;unrelated;Stijns ouders konden gerust een avondje uitgaan, omdat de oppas een oogje in het schema hield thuis.;schema;0,06;
5;121;verb-final;correct;Volgens Welmoed loog Thijs dat hij nooit bang was, omdat hij een held op sokken was in werkelijkheid.;sokken;NA;
1;121;verb-final;literal;Volgens Welmoed loog Thijs dat hij nooit bang was, omdat hij een held op enkels was in werkelijkheid.;enkels;0,39;
3;121;verb-final;unrelated;Volgens Welmoed loog Thijs dat hij nooit bang was, omdat hij een held op molens was in werkelijkheid.;molens;0,04;
5;122;verb-final;correct;De Ajax-spelers liepen gespannen het stadion binnen, omdat ze zich in het hol van de leeuw bevonden in de finale.;leeuw;NA;
1;122;verb-final;literal;De Ajax-spelers liepen gespannen het stadion binnen, omdat ze zich in het hol van de manen bevonden in de finale.;manen;0,34;
3;122;verb-final;unrelated;De Ajax-spelers liepen gespannen het stadion binnen, omdat ze zich in het hol van de lift bevonden in de finale.;lift;0,03;
5;123;verb-final;correct;Hessel had geen derde biertje moeten nemen, omdat het hek van de dam was daarna.;dam;NA;
1;123;verb-final;literal;Hessel had geen derde biertje moeten nemen, omdat het hek van de bever was daarna.;bever;0,21;
3;123;verb-final;unrelated;Hessel had geen derde biertje moeten nemen, omdat het hek van de hoed was daarna.;hoed;0,01;
5;124;verb-final;correct;Ondanks heel veel rijlessen had Lotte nog geen rijbewijs, omdat ze de handdoek in de ring gooide vorige maand.;ring;NA;
1;124;verb-final;literal;Ondanks heel veel rijlessen had Lotte nog geen rijbewijs, omdat ze de handdoek in de cirkel gooide vorige maand.;cirkel;0,23;
3;124;verb-final;unrelated;Ondanks heel veel rijlessen had Lotte nog geen rijbewijs, omdat ze de handdoek in de kwal gooide vorige maand.;kwal;0,01;
5;125;verb-final;correct;In de puberteit veranderde de stem van Jan Smit, omdat hij de baard in de keel kreeg opeens.;keel;NA;
1;125;verb-final;literal;In de puberteit veranderde de stem van Jan Smit, omdat hij de baard in de stem kreeg opeens.;stem;0,36;
3;125;verb-final;unrelated;In de puberteit veranderde de stem van Jan Smit, omdat hij de baard in de rots kreeg opeens.;rots;0,06;
5;126;verb-final;correct;Jonathan gaf Annemarie volkomen gelijk, omdat ze de spijker op zijn kop sloeg met haar opmerking.;kop;NA;
1;126;verb-final;literal;Jonathan gaf Annemarie volkomen gelijk, omdat ze de spijker op zijn staart sloeg met haar opmerking.;staart;0,52;
3;126;verb-final;unrelated;Jonathan gaf Annemarie volkomen gelijk, omdat ze de spijker op zijn gum sloeg met haar opmerking.;gum;0,03;
5;127;verb-final;correct;Berber eiste uitbetaling van haar overuren, omdat ze zich niet de kaas van het brood liet eten natuurlijk.;brood;NA;
1;127;verb-final;literal;Berber eiste uitbetaling van haar overuren, omdat ze zich niet de kaas van het ontbijt liet eten natuurlijk.;ontbijt;0,51;
3;127;verb-final;unrelated;Berber eiste uitbetaling van haar overuren, omdat ze zich niet de kaas van het staal liet eten natuurlijk.;staal;0,00;
5;128;verb-final;correct;Moeder was bang dat Ferry na de vakantie blut zou zijn, omdat hij geld over de balk gooide op Ibiza.;balk;NA;
1;128;verb-final;literal;Moeder was bang dat Ferry na de vakantie blut zou zijn, omdat hij geld over de ezel gooide op Ibiza.;ezel;0,04;
3;128;verb-final;unrelated;Moeder was bang dat Ferry na de vakantie blut zou zijn, omdat hij geld over de grap gooide op Ibiza.;grap;0,05;
5;129;verb-final;correct;De Utrechtsupporter had geen spijt van zijn seizoenskaart, omdat hij waar voor zijn geld kreeg afgelopen weekend.;geld;NA;
1;129;verb-final;literal;De Utrechtsupporter had geen spijt van zijn seizoenskaart, omdat hij waar voor zijn bank kreeg afgelopen weekend.;bank;0,33;
3;129;verb-final;unrelated;De Utrechtsupporter had geen spijt van zijn seizoenskaart, omdat hij waar voor zijn heks kreeg afgelopen weekend.;heks;0,07;
5;130;verb-final;correct;Koen was helemaal schor, omdat hij zich de longen uit het lijf schreeuwde tijdens de voetbalwedstrijd.;lijf;NA;
1;130;verb-final;literal;Koen was helemaal schor, omdat hij zich de longen uit het zweet schreeuwde tijdens de voetbalwedstrijd.;zweet;0,38;
3;130;verb-final;unrelated;Koen was helemaal schor, omdat hij zich de longen uit het kruid schreeuwde tijdens de voetbalwedstrijd.;kruid;0,03;
5;131;verb-final;correct;Denise vond Joukes verhaal nogal chaotisch, omdat hij van de hak op de tak sprong als het ware.;tak;NA;
1;131;verb-final;literal;Denise vond Joukes verhaal nogal chaotisch, omdat hij van de hak op de bos sprong als het ware.;bos;0,17;
3;131;verb-final;unrelated;Denise vond Joukes verhaal nogal chaotisch, omdat hij van de hak op de kip sprong als het ware.;kip;0,08;
5;132;verb-final;correct;Dennis geloofde niet in die reclamestunt, omdat er een addertje onder het gras schuilde zoals altijd.;gras;NA;
1;132;verb-final;literal;Dennis geloofde niet in die reclamestunt, omdat er een addertje onder het veld schuilde zoals altijd.;veld;0,40;
3;132;verb-final;unrelated;Dennis geloofde niet in die reclamestunt, omdat er een addertje onder het loon schuilde zoals altijd.;loon;0,04;
5;133;verb-final;correct;Het was niet te missen dat Joep blij was, omdat hij een gat in de lucht sprong zaterdagochtend.;lucht;NA;
1;133;verb-final;literal;Het was niet te missen dat Joep blij was, omdat hij een gat in de vogel sprong zaterdagochtend.;vogel;0,20;
3;133;verb-final;unrelated;Het was niet te missen dat Joep blij was, omdat hij een gat in de drop sprong zaterdagochtend.;drop;0,07;
5;134;verb-final;correct;De aandeelhouders konden het beleidsplan sterk beïnvloeden, omdat ze een vinger in de pap hadden bij het bestuur.;pap;NA;
1;134;verb-final;literal;De aandeelhouders konden het beleidsplan sterk beïnvloeden, omdat ze een vinger in de rijst hadden bij het bestuur.;rijst;0,23;
3;134;verb-final;unrelated;De aandeelhouders konden het beleidsplan sterk beïnvloeden, omdat ze een vinger in de kei hadden bij het bestuur.;kei;0,03;
5;135;verb-final;correct;Max Verstappen weigerde na zijn nederlaag over de race te praten, omdat dat zout in de wond strooide bij de coureur.;wond;NA;
1;135;verb-final;literal;Max Verstappen weigerde na zijn nederlaag over de race te praten, omdat dat zout in de snee strooide bij de coureur.;snee;0,37;
3;135;verb-final;unrelated;Max Verstappen weigerde na zijn nederlaag over de race te praten, omdat dat zout in de poef strooide bij de coureur.;poef;0,03;
6;136;verb-final;correct;De lerarenstaking had blijkbaar effect gehad, omdat het schoolbestuur water bij de wijn deed uiteindelijk.;wijn;NA;
2;136;verb-final;literal;De lerarenstaking had blijkbaar effect gehad, omdat het schoolbestuur water bij de fles deed uiteindelijk.;fles;0,42;
4;136;verb-final;unrelated;De lerarenstaking had blijkbaar effect gehad, omdat het schoolbestuur water bij de jeuk deed uiteindelijk.;jeuk;0,09;
6;137;verb-final;correct;Uiteindelijk wist iedereen van Robs ontslag, omdat hij het gesprek van de dag was op kantoor.;dag;NA;
2;137;verb-final;literal;Uiteindelijk wist iedereen van Robs ontslag, omdat hij het gesprek van de nacht was op kantoor.;nacht;0,54;
4;137;verb-final;unrelated;Uiteindelijk wist iedereen van Robs ontslag, omdat hij het gesprek van de rups was op kantoor.;rups;0,07;
6;138;verb-final;correct;Jaap kon gelukkig net rondkomen, omdat hij het hoofd boven water hield met kleine klusjes.;water;NA;
2;138;verb-final;literal;Jaap kon gelukkig net rondkomen, omdat hij het hoofd boven zee hield met kleine klusjes.;zee;0,27;
4;138;verb-final;unrelated;Jaap kon gelukkig net rondkomen, omdat hij het hoofd boven motor hield met kleine klusjes.;motor;0,07;
6;139;verb-final;correct;Loes mocht blij zijn dat ze nog leefde, omdat ze door het oog van de naald kroop vorig jaar.;naald;NA;
2;139;verb-final;literal;Loes mocht blij zijn dat ze nog leefde, omdat ze door het oog van de prik kroop vorig jaar.;prik;0,11;
4;139;verb-final;unrelated;Loes mocht blij zijn dat ze nog leefde, omdat ze door het oog van de kleur kroop vorig jaar.;kleur;0,02;
6;140;verb-final;correct;Andries was nog altijd verdrietig over zijn gedwongen ontslag, omdat hij achter de geraniums zat sindsdien.;geraniums;NA;
2;140;verb-final;literal;Andries was nog altijd verdrietig over zijn gedwongen ontslag, omdat hij achter de bloemen zat sindsdien.;bloemen;0,27;
4;140;verb-final;unrelated;Andries was nog altijd verdrietig over zijn gedwongen ontslag, omdat hij achter de dansers zat sindsdien.;dansers;0,08;
6;141;verb-final;correct;De voorwaardelijke celstraf motiveerde Marcel om zich te gedragen, omdat hij een stok achter de deur had immers.;deur;NA;
2;141;verb-final;literal;De voorwaardelijke celstraf motiveerde Marcel om zich te gedragen, omdat hij een stok achter de klink had immers.;klink;0,67;
4;141;verb-final;unrelated;De voorwaardelijke celstraf motiveerde Marcel om zich te gedragen, omdat hij een stok achter de fout had immers.;fout;0,21;
6;142;verb-final;correct;Tom kon nu niet aan zijn muziekstuk werken, omdat hij aan de slag ging met zijn brommer.;slag;NA;
2;142;verb-final;literal;Tom kon nu niet aan zijn muziekstuk werken, omdat hij aan de mep ging met zijn brommer.;mep;0,15;
4;142;verb-final;unrelated;Tom kon nu niet aan zijn muziekstuk werken, omdat hij aan de dop ging met zijn brommer.;dop;0,15;
6;143;verb-final;correct;Peter had met Martine te doen, omdat ze van de regen in de drup belandde door haar ziekte.;drup;NA;
2;143;verb-final;literal;Peter had met Martine te doen, omdat ze van de regen in de kraan belandde door haar ziekte.;kraan;0,30;
4;143;verb-final;unrelated;Peter had met Martine te doen, omdat ze van de regen in de wolf belandde door haar ziekte.;wolf;0,03;
6;144;verb-final;correct;Tijdens zijn proefverlof had Kevin beter niet kunnen stelen, omdat hij zich in de vingers sneed met die actie.;vingers;NA;
2;144;verb-final;literal;Tijdens zijn proefverlof had Kevin beter niet kunnen stelen, omdat hij zich in de schouders sneed met die actie.;schouders;0,64;
4;144;verb-final;unrelated;Tijdens zijn proefverlof had Kevin beter niet kunnen stelen, omdat hij zich in de bonnen sneed met die actie.;bonnen;0,05;
6;145;verb-final;correct;Het was onduidelijk of Lieve zou komen, omdat ze een slag om de arm hield voorlopig.;arm;NA;
2;145;verb-final;literal;Het was onduidelijk of Lieve zou komen, omdat ze een slag om de borst hield voorlopig.;borst;0,46;
4;145;verb-final;unrelated;Het was onduidelijk of Lieve zou komen, omdat ze een slag om de mug hield voorlopig.;mug;0,04;
6;146;verb-final;correct;Anita vond de acteur nogal arrogant, omdat hij uit de hoogte deed over zijn acteerkunsten.;hoogte;NA;
2;146;verb-final;literal;Anita vond de acteur nogal arrogant, omdat hij uit de berg deed over zijn acteerkunsten.;berg;0,23;
4;146;verb-final;unrelated;Anita vond de acteur nogal arrogant, omdat hij uit de appel deed over zijn acteerkunsten.;appel;0,05;
6;147;verb-final;correct;De oppositie kon de belastingverhoging niet tegenhouden, omdat de minister voet bij stuk hield helaas.;stuk;NA;
2;147;verb-final;literal;De oppositie kon de belastingverhoging niet tegenhouden, omdat de minister voet bij deel hield helaas.;deel;0,28;
4;147;verb-final;unrelated;De oppositie kon de belastingverhoging niet tegenhouden, omdat de minister voet bij zalm hield helaas.;zalm;-0,02;
6;148;verb-final;correct;Olivier moest zijn plannen plotseling wijzigen, omdat er een kink in de kabel kwam door de treinstaking.;kabel;NA;
2;148;verb-final;literal;Olivier moest zijn plannen plotseling wijzigen, omdat er een kink in de draad kwam door de treinstaking.;draad;0,14;
4;148;verb-final;unrelated;Olivier moest zijn plannen plotseling wijzigen, omdat er een kink in de luier kwam door de treinstaking.;luier;-0,01;
6;149;verb-final;correct;In korte tijd werd Guus Meeuwis beroemd, omdat hij aan de weg timmerde met zijn muziek.;weg;NA;
2;149;verb-final;literal;In korte tijd werd Guus Meeuwis beroemd, omdat hij aan de baan timmerde met zijn muziek.;baan;0,35;
4;149;verb-final;unrelated;In korte tijd werd Guus Meeuwis beroemd, omdat hij aan de mok timmerde met zijn muziek.;mok;0,06;
6;150;verb-final;correct;De Groningse aardbevingslachtoffers voelden zich machteloos, omdat ze met de rug tegen de muur stonden zo onderhand.;muur;NA;
2;150;verb-final;literal;De Groningse aardbevingslachtoffers voelden zich machteloos, omdat ze met de rug tegen de steen stonden zo onderhand.;steen;0,34;
4;150;verb-final;unrelated;De Groningse aardbevingslachtoffers voelden zich machteloos, omdat ze met de rug tegen de koek stonden zo onderhand.;koek;0,02;
6;151;verb-final;correct;Aafke baalde van de regenbui, omdat het tuinfeest in de soep liep met dit weer.;soep;NA;
2;151;verb-final;literal;Aafke baalde van de regenbui, omdat het tuinfeest in de groenten met dit weer.;groenten;0,35;
4;151;verb-final;unrelated;Aafke baalde van de regenbui, omdat het tuinfeest in de pest liep met dit weer.;pest;0,03;
6;152;verb-final;correct;Ruben kon de chocoladetaart moeilijk weerstaan, omdat het water hem in de mond liep bij de bakker.;mond;NA;
2;152;verb-final;literal;Ruben kon de chocoladetaart moeilijk weerstaan, omdat het water hem in de hap liep bij de bakker.;hap;0,50;
4;152;verb-final;unrelated;Ruben kon de chocoladetaart moeilijk weerstaan, omdat het water hem in de duif liep bij de bakker.;duif;0,04;
6;153;verb-final;correct;Max merkte dat Jasmijn uitgeput was, omdat ze als een blok in slaap viel naast hem.;slaap;NA;
2;153;verb-final;literal;Max merkte dat Jasmijn uitgeput was, omdat ze als een blok in bed viel naast hem.;bed;0,72;
4;153;verb-final;unrelated;Max merkte dat Jasmijn uitgeput was, omdat ze als een blok in koor viel naast hem.;koor;0,05;
6;154;verb-final;correct;Felicia reageerde nogal afwezig, omdat ze met haar hoofd in de wolken was vanwege het huwelijksaanzoek.;wolken;NA;
2;154;verb-final;literal;Felicia reageerde nogal afwezig, omdat ze met haar hoofd in de regen was vanwege het huwelijksaanzoek.;regen;0,63;
4;154;verb-final;unrelated;Felicia reageerde nogal afwezig, omdat ze met haar hoofd in de lepels was vanwege het huwelijksaanzoek.;lepels;0,07;
6;155;verb-final;correct;Annabel vond Boudewijns woede-uitbarsting nogal overdreven, omdat hij van een mug een olifant maakte in de supermarkt.;olifant;NA;
2;155;verb-final;literal;Annabel vond Boudewijns woede-uitbarsting nogal overdreven, omdat hij van een mug een slurf maakte in de supermarkt.;slurf;0,32;
4;155;verb-final;unrelated;Annabel vond Boudewijns woede-uitbarsting nogal overdreven, omdat hij van een mug een kantoor maakte in de supermarkt.;kantoor;0,07;
6;156;verb-final;correct;Als ondernemer kon Erik moeilijk een dag vrij nemen, omdat hij geen brood op de plank had in dat geval.;plank;NA;
2;156;verb-final;literal;Als ondernemer kon Erik moeilijk een dag vrij nemen, omdat hij geen brood op de vloer had in dat geval.;vloer;0,35;
4;156;verb-final;unrelated;Als ondernemer kon Erik moeilijk een dag vrij nemen, omdat hij geen brood op de sfeer had in dat geval.;sfeer;0,03;
6;157;verb-final;correct;De vrijwilligers waardeerden Henks toespraak zeer, omdat hij hen een hart onder de riem stak daarmee.;riem;NA;
2;157;verb-final;literal;De vrijwilligers waardeerden Henks toespraak zeer, omdat hij hen een hart onder de gesp stak daarmee.;gesp;0,38;
4;157;verb-final;unrelated;De vrijwilligers waardeerden Henks toespraak zeer, omdat hij hen een hart onder de knol stak daarmee.;knol;-0,03;
6;158;verb-final;correct;Het pianoconcert ontving lovende recencies, omdat de pianiste de sterren van de hemel speelde vrijdagavond.;hemel;NA;
2;158;verb-final;literal;Het pianoconcert ontving lovende recencies, omdat de pianiste de sterren van de engel speelde vrijdagavond.;engel;0,41;
4;158;verb-final;unrelated;Het pianoconcert ontving lovende recencies, omdat de pianiste de sterren van de zenuw speelde vrijdagavond.;zenuw;0,02;
6;159;verb-final;correct;Veerle dacht dat Lucas erg verlegen was, omdat hij de kat uit de boom keek bij de borrel.;boom;NA;
2;159;verb-final;literal;Veerle dacht dat Lucas erg verlegen was, omdat hij de kat uit de stam keek bij de borrel.;stam;0,86;
4;159;verb-final;unrelated;Veerle dacht dat Lucas erg verlegen was, omdat hij de kat uit de gids keek bij de borrel.;gids;0,01;
6;160;verb-final;correct;De winnende wielrenner was nu volledig uitgeput, omdat hij het onderste uit de kan haalde in de eindsprint.;kan;NA;
2;160;verb-final;literal;De winnende wielrenner was nu volledig uitgeput, omdat hij het onderste uit de kruik haalde in de eindsprint.;kruik;0,33;
4;160;verb-final;unrelated;De winnende wielrenner was nu volledig uitgeput, omdat hij het onderste uit de flat haalde in de eindsprint.;flat;0,12;
6;161;verb-final;correct;Jelle was blij met de uitgestelde deadline, omdat dat de druk van de ketel haalde voor nu.;ketel;NA;
2;161;verb-final;literal;Jelle was blij met de uitgestelde deadline, omdat dat de druk van de pot haalde voor nu.;pot;0,50;
4;161;verb-final;unrelated;Jelle was blij met de uitgestelde deadline, omdat dat de druk van de robot haalde voor nu.;robot;0,06;
6;162;verb-final;correct;De politie moest een einde maken aan het feestje, omdat het uit de hand liep zaterdag.;hand;NA;
2;162;verb-final;literal;De politie moest een einde maken aan het feestje, omdat het uit de palm liep zaterdag.;palm;0,43;
4;162;verb-final;unrelated;De politie moest een einde maken aan het feestje, omdat het uit de film liep zaterdag.;film;0,03;
;;;;;;;
;;;;;;;
;;;;;;;
;;;;;;;
;;;;;;;
;;;;;;;
;;;;;;;
;;;;;;;
;;;;;;;
;;;;;;;
;;;;;;;
;;;;;;;
;;;;;;;
;;;;;;;
;;;;;;;
;;;;;;;
;;;;;;;
;;;;;;;
;;;;;;;
;;;;;;;
;;;;;;;
;;;;;;;
;;;;;;;
;;;;;;;
;;;;;;;
;;;;;;;
;;;;;;;
;;;;;;;
;;;;;;;
;;;;;;;
;;;;;;;
;;;;;;;
;;;;;;;
;;;;;;;
;;;;;;;
;;;;;;;
;;;;;;;
;;;;;;;
;;;;;;;
;;;;;;;
;;;;;;;
;;;;;;;
;;;;;;;
;;;;;;;
;;;;;;;
;;;;;;;
;;;;;;;
;;;;;;;
;;;;;;;
;;;;;;;
;;;;;;;
;;;;;;;
;;;;;;;
;;;;;;;
;;;;;;;
;;;;;;;
;;;;;;;
;;;;;;;
;;;;;;;
;;;;;;;
;;;;;;;
;;;;;;;
;;;;;;;
;;;;;;;
;;;;;;;
;;;;;;;
;;;;;;;
;;;;;;;
;;;;;;;
;;;;;;;
;;;;;;;
;;;;;;;
;;;;;;;
;;;;;;;
;;;;;;;
;;;;;;;
;;;;;;;
;;;;;;;
;;;;;;;
;;;;;;;
;;;;;;;
;;;;;;;
;;;;;;;
;;;;;;;
;;;;;;;
;;;;;;;
;;;;;;;
;;;;;;;
;;;;;;;
;;;;;;;
;;;;;;;
;;;;;;;
;;;;;;;
;;;;;;;
;;;;;;;
;;;;;;;
;;;;;;;
;;;;;;;
;;;;;;;
;;;;;;;
;;;;;;;
;;;;;;;
;;;;;;;
;;;;;;;
;;;;;;;
;;;;;;;
;;;;;;;
;;;;;;;
;;;;;;;
;;;;;;;
;;;;;;;
;;;;;;;
;;;;;;;
;;;;;;;
;;;;;;;
;;;;;;;
;;;;;;;
;;;;;;;
;;;;;;;
;;;;;;;
;;;;;;;
;;;;;;;
;;;;;;;
;;;;;;;
;;;;;;;
;;;;;;;
;;;;;;;
;;;;;;;
;;;;;;;
;;;;;;;
;;;;;;;
;;;;;;;
;;;;;;;
;;;;;;;
;;;;;;;
;;;;;;;
;;;;;;;
;;;;;;;
;;;;;;;
;;;;;;;
;;;;;;;
;;;;;;;
;;;;;;;
;;;;;;;
;;;;;;;
;;;;;;;
;;;;;;;
;;;;;;;
;;;;;;;
;;;;;;;
;;;;;;;
;;;;;;;
;;;;;;;
;;;;;;;
;;;;;;;
;;;;;;;
;;;;;;;
;;;;;;;
;;;;;;;
;;;;;;;
;;;;;;;
;;;;;;;
;;;;;;;
;;;;;;;
;;;;;;;
;;;;;;;
;;;;;;;
;;;;;;;
;;;;;;;
;;;;;;;
;;;;;;;
;;;;;;;
;;;;;;;
;;;;;;;
;;;;;;;
;;;;;;;
;;;;;;;
;;;;;;;
;;;;;;;
;;;;;;;
;;;;;;;
;;;;;;;
;;;;;;;
;;;;;;;
;;;;;;;
;;;;;;;
;;;;;;;
;;;;;;;
;;;;;;;
;;;;;;;
;;;;;;;
;;;;;;;
;;;;;;;
;;;;;;;
;;;;;;;
;;;;;;;
;;;;;;;
;;;;;;;
;;;;;;;
;;;;;;;
;;;;;;;
;;;;;;;
;;;;;;;
;;;;;;;
;;;;;;;
;;;;;;;
;;;;;;;
;;;;;;;
;;;;;;;
;;;;;;;
;;;;;;;
;;;;;;;
;;;;;;;
;;;;;;;
;;;;;;;
;;;;;;;
;;;;;;;
;;;;;;;
;;;;;;;
;;;;;;;
;;;;;;;
;;;;;;;
;;;;;;;
;;;;;;;
;;;;;;;
;;;;;;;
;;;;;;;
;;;;;;;
;;;;;;;
;;;;;;;
;;;;;;;
;;;;;;;
;;;;;;;
;;;;;;;
;;;;;;;
;;;;;;;
;;;;;;;
;;;;;;;
;;;;;;;
;;;;;;;
;;;;;;;
;;;;;;;
;;;;;;;
;;;;;;;
;;;;;;;
;;;;;;;
;;;;;;;
;;;;;;;
;;;;;;;
;;;;;;;
;;;;;;;
;;;;;;;
;;;;;;;
;;;;;;;
;;;;;;;
;;;;;;;
;;;;;;;
;;;;;;;
;;;;;;;
;;;;;;;
;;;;;;;
;;;;;;;
;;;;;;;
;;;;;;;
;;;;;;;
;;;;;;;
;;;;;;;
;;;;;;;
;;;;;;;
;;;;;;;
;;;;;;;
;;;;;;;
;;;;;;;
;;;;;;;
;;;;;;;
;;;;;;;
;;;;;;;
;;;;;;;
;;;;;;;
;;;;;;;
;;;;;;;
;;;;;;;
;;;;;;;
;;;;;;;
;;;;;;;
;;;;;;;
;;;;;;;
;;;;;;;
;;;;;;;
;;;;;;;
;;;;;;;
;;;;;;;
;;;;;;;
;;;;;;;
;;;;;;;
;;;;;;;
;;;;;;;
;;;;;;;
;;;;;;;
;;;;;;;
;;;;;;;
;;;;;;;
;;;;;;;
;;;;;;;
;;;;;;;
;;;;;;;
;;;;;;;
;;;;;;;
;;;;;;;
;;;;;;;
;;;;;;;
;;;;;;;
;;;;;;;
;;;;;;;
;;;;;;;
;;;;;;;
;;;;;;;
;;;;;;;
;;;;;;;
;;;;;;;
;;;;;;;
;;;;;;;
;;;;;;;
;;;;;;;
;;;;;;;
;;;;;;;
;;;;;;;
;;;;;;;
;;;;;;;
;;;;;;;
;;;;;;;
;;;;;;;
;;;;;;;
;;;;;;;
;;;;;;;
;;;;;;;
;;;;;;;
;;;;;;;
;;;;;;;
;;;;;;;
;;;;;;;
;;;;;;;
;;;;;;;
;;;;;;;
;;;;;;;
;;;;;;;
;;;;;;;
;;;;;;;
;;;;;;;
;;;;;;;
;;;;;;;
;;;;;;;
;;;;;;;
;;;;;;;
;;;;;;;
;;;;;;;
;;;;;;;
;;;;;;;
;;;;;;;
;;;;;;;
;;;;;;;
;;;;;;;
;;;;;;;
;;;;;;;
;;;;;;;
;;;;;;;
;;;;;;;
;;;;;;;
;;;;;;;
;;;;;;;
;;;;;;;
;;;;;;;
;;;;;;;
;;;;;;;
;;;;;;;
;;;;;;;
;;;;;;;
;;;;;;;
;;;;;;;
;;;;;;;
;;;;;;;
;;;;;;;
;;;;;;;
;;;;;;;
;;;;;;;
;;;;;;;
;;;;;;;
;;;;;;;
;;;;;;;
;;;;;;;
;;;;;;;
;;;;;;;
;;;;;;;
;;;;;;;
;;;;;;;
;;;;;;;
;;;;;;;
;;;;;;;
;;;;;;;
;;;;;;;
;;;;;;;
;;;;;;;
;;;;;;;
;;;;;;;
;;;;;;;
;;;;;;;
;;;;;;;
;;;;;;;
;;;;;;;
;;;;;;;
;;;;;;;
;;;;;;;
;;;;;;;
;;;;;;;
;;;;;;;
;;;;;;;
;;;;;;;
;;;;;;;
;;;;;;;
;;;;;;;
;;;;;;;
;;;;;;;
;;;;;;;
;;;;;;;
;;;;;;;
;;;;;;;
;;;;;;;
;;;;;;;
;;;;;;;
;;;;;;;
;;;;;;;
;;;;;;;
;;;;;;;
;;;;;;;
;;;;;;;
;;;;;;;
;;;;;;;
;;;;;;;
;;;;;;;
;;;;;;;
;;;;;;;
;;;;;;;
;;;;;;;
;;;;;;;
;;;;;;;
;;;;;;;
;;;;;;;
;;;;;;;
;;;;;;;
;;;;;;;
;;;;;;;
;;;;;;;
;;;;;;;
;;;;;;;
;;;;;;;
;;;;;;;
;;;;;;;
;;;;;;;
;;;;;;;
;;;;;;;
;;;;;;;
;;;;;;;
;;;;;;;
;;;;;;;
;;;;;;;
;;;;;;;
;;;;;;;
;;;;;;;
;;;;;;;
;;;;;;;
;;;;;;;
;;;;;;;
;;;;;;;
;;;;;;;
;;;;;;;
;;;;;;;
;;;;;;;
;;;;;;;
;;;;;;;
;;;;;;;
;;;;;;;
;;;;;;;
;;;;;;;
;;;;;;;
;;;;;;;
;;;;;;;
;;;;;;;
;;;;;;;
;;;;;;;
;;;;;;;
;;;;;;;
;;;;;;;
;;;;;;;
;;;;;;;
;;;;;;;
;;;;;;;
;;;;;;;
;;;;;;;
;;;;;;;
;;;;;;;
;;;;;;;
;;;;;;;
;;;;;;;
;;;;;;;
;;;;;;;
;;;;;;;
;;;;;;;
;;;;;;;
;;;;;;;
;;;;;;;
;;;;;;;
;;;;;;;
;;;;;;;
