List;Item;Order;Target;Sentence;CritWord;SentType;Literality;Cloze probability;Word length;;;;;;;;;
2;49;verb-final;correct;Tessa wilde nooit meer in dat rare T-shirt gymmen, omdat ze voor aap stond tijdens de les.;aap;exp;2,63;0,076923077;3;;;;;;;;;
3;49;verb-first;correct;Tessa wilde nooit meer in dat rare T-shirt gymmen, want ze stond voor aap tijdens de les.;aap;exp;2,63;0,727272727;3;;;;;;;;;
3;78;verb-final;correct;Meester merkte dat Sascha nogal verlegen was, omdat hij op de achtergrond bleef bij groepsactiviteiten.;achtergrond;exp;3,85;0;11;;;;;;;;;
4;78;verb-first;correct;Meester merkte dat Sascha nogal verlegen was, want hij bleef op de achtergrond bij groepsactiviteiten.;achtergrond;exp;3,85;0,466666667;11;;;;;;;;;
4;84;verb-final;correct;Carolien was de deadline voor het artikel nog niet vergeten, omdat ze hem in haar achterhoofd hield al die tijd.;achterhoofd;exp;1,58;0;11;;;;;;;;;
5;84;verb-first;correct;Carolien was de deadline voor het artikel nog niet vergeten, want ze hield hem in haar achterhoofd al die tijd.;achterhoofd;exp;1,58;0,4;11;;;;;;;;;
2;46;verb-final;correct;Bas ontdekte dat zijn conditie erg slecht was, omdat hij naar adem snakte na de hardlooptraining.;adem;exp;4,04;0,692307692;4;;;;;;;;;
3;46;verb-first;correct;Bas ontdekte dat zijn conditie erg slecht was, want hij snakte naar adem na de hardlooptraining.;adem;exp;4,04;1;4;;;;;;;;;
6;145;verb-final;correct;Het was onduidelijk of Lieve zou komen, omdat ze een slag om de arm hield voorlopig.;arm;exp;2,10;0,933333333;3;;;;;;;;;
1;145;verb-first;correct;Het was onduidelijk of Lieve zou komen, want ze hield een slag om de arm voorlopig.;arm;exp;2,10;1;3;;;;;;;;;
5;128;verb-final;correct;Moeder was bang dat Ferry na de vakantie blut zou zijn, omdat hij geld over de balk gooide op Ibiza.;balk;exp;4,55;0,933333333;4;;;;;;;;;
6;128;verb-first;correct;Moeder was bang dat Ferry na de vakantie blut zou zijn, want hij gooide geld over de balk op Ibiza.;balk;exp;4,55;0,923076923;4;;;;;;;;;
4;106;verb-final;correct;Robert wist dat het bestuur geld verduisterde, omdat de kascommissie aan de bel trok in maart.;bel;exp;4,83;0,181818182;3;;;;;;;;;
5;106;verb-first;correct;Robert wist dat het bestuur geld verduisterde, want de kascommissie trok aan de bel in maart.;bel;exp;4,83;0,933333333;3;;;;;;;;;
1;3;verb-final;correct;Stefanie zag dat Martijn zich schaamde, omdat hij met zijn staart tussen zijn benen afdroop na het gesprek.;benen;exp;1,89;1;5;;;;;;;;;
2;3;verb-first;correct;Stefanie zag dat Martijn zich schaamde, want hij droop met zijn staart tussen zijn benen af na het gesprek.;benen;exp;1,89;1;5;;;;;;;;;
1;12;verb-final;correct;De uitgeschakelde tennisser was erg teleurgesteld, omdat hij voor de bijl ging na slechts twee sets.;bijl;exp;2,29;0,307692308;4;;;;;;;;;
2;12;verb-first;correct;De uitgeschakelde tennisser was erg teleurgesteld, want hij ging voor de bijl na slechts twee sets.;bijl;exp;2,29;0,272727273;4;;;;;;;;;
3;77;verb-final;correct;Auke moest Brechtje eigenlijk wel ten huwelijk vragen, omdat ze hem voor het blok zette tijdens Kerst.;blok;exp;3,92;0,909090909;4;;;;;;;;;
4;77;verb-first;correct;Auke moest Brechtje eigenlijk wel ten huwelijk vragen, want ze zette hem voor het blok tijdens Kerst.;blok;exp;3,92;0,933333333;4;;;;;;;;;
5;115;verb-final;correct;Het was niet erg dat Bobs zusje het kaartspel niet snapte, omdat ze voor spek en bonen meedeed met ons.;bonen;exp;3,05;1;5;;;;;;;;;
6;115;verb-first;correct;Het was niet erg dat Bobs zusje het kaartspel niet snapte, want ze deed voor spek en bonen mee met ons.;bonen;exp;3,05;0,923076923;5;;;;;;;;;
6;159;verb-final;correct;Veerle dacht dat Lucas erg verlegen was, omdat hij de kat uit de boom keek bij de borrel.;boom;exp;2,64;1;4;;;;;;;;;
1;159;verb-first;correct;Veerle dacht dat Lucas erg verlegen was, want hij keek de kat uit de boom bij de borrel.;boom;exp;2,64;1;4;;;;;;;;;
3;59;verb-final;correct;Psychiatrische patiënten hebben het moeilijk in deze maatschappij, omdat ze buiten de boot vallen door hun aandoening.;boot;exp;4,48;1;4;;;;;;;;;
4;59;verb-first;correct;Psychiatrische patiënten hebben het moeilijk in deze maatschappij, want ze vallen buiten de boot door hun aandoening.;boot;exp;4,48;0,733333333;4;;;;;;;;;
5;119;verb-final;correct;Het bleek dat Jolien op het juiste moment solliciteerde, omdat ze met haar neus in de boter viel voor die baan.;boter;exp;4,40;1;5;;;;;;;;;
6;119;verb-first;correct;Het bleek dat Jolien op het juiste moment solliciteerde, want ze viel met haar neus in de boter voor die baan.;boter;exp;4,40;1;5;;;;;;;;;
1;20;verb-final;correct;Eva's computerprobleem was snel verholpen, omdat Ernst haar uit de brand hielp vanochtend.;brand;exp;4,46;0,769230769;5;;;;;;;;;
2;20;verb-first;correct;Eva's computerprobleem was snel verholpen, want Ernst hielp haar uit de brand vanochtend.;brand;exp;4,46;0,909090909;5;;;;;;;;;
3;67;verb-final;correct;Tijdens die moeilijke periode kon Angela niet zonder Gerrit, omdat hij een rots in de branding was voor haar.;branding;exp;2,02;0,909090909;8;;;;;;;;;
4;67;verb-first;correct;Tijdens die moeilijke periode kon Angela niet zonder Gerrit, want hij was een rots in de branding voor haar.;branding;exp;2,02;1;8;;;;;;;;;
3;81;verb-final;correct;Danny zapte snel weg van die gruwelijke horrorfilm, omdat hij het in zijn broek deed zowat.;broek;exp;4,96;0,636363636;5;;;;;;;;;
4;81;verb-first;correct;Danny zapte snel weg van die gruwelijke horrorfilm, want hij deed het in zijn broek zowat.;broek;exp;4,96;1;5;;;;;;;;;
5;127;verb-final;correct;Berber eiste uitbetaling van haar overuren, omdat ze zich niet de kaas van het brood liet eten natuurlijk.;brood;exp;4,74;0,933333333;5;;;;;;;;;
6;127;verb-first;correct;Berber eiste uitbetaling van haar overuren, want ze liet zich niet de kaas van het brood eten natuurlijk.;brood;exp;4,74;1;5;;;;;;;;;
1;15;verb-final;correct;Theo kon zijn ogen niet van Natascha afhouden, omdat hij vlinders in zijn buik kreeg van haar.;buik;exp;1,83;1;4;;;;;;;;;
2;15;verb-first;correct;Theo kon zijn ogen niet van Natascha afhouden, want hij kreeg vlinders in zijn buik van haar.;buik;exp;1,83;1;4;;;;;;;;;
3;65;verb-final;correct;Mohammed slaagde met gemak voor zijn wiskundetoets, omdat het een fluitje van een cent was met zijn rekenmachine.;cent;exp;1,99;1;4;;;;;;;;;
4;65;verb-first;correct;Mohammed slaagde met gemak voor zijn wiskundetoets, want het was een fluitje van een cent met zijn rekenmachine.;cent;exp;1,99;1;4;;;;;;;;;
2;44;verb-final;correct;Het was onmogelijk dat Michelle nog moe was, omdat ze een gat in de dag sliep zondag.;dag;exp;1,14;0,769230769;3;;;;;;;;;
3;44;verb-first;correct;Het was onmogelijk dat Michelle nog moe was, want ze sliep een gat in de dag zondag.;dag;exp;1,14;1;3;;;;;;;;;
4;92;verb-final;correct;Sela wist nooit wat ze morgen ging doen, omdat ze bij de dag leefde uit principe.;dag;exp;2,43;0,545454545;3;;;;;;;;;
5;92;verb-first;correct;Sela wist nooit wat ze morgen ging doen, want ze leefde bij de dag uit principe.;dag;exp;2,43;1;3;;;;;;;;;
6;137;verb-final;correct;Uiteindelijk wist iedereen van Robs ontslag, omdat hij het gesprek van de dag was op kantoor.;dag;exp;2,15;1;3;;;;;;;;;
1;137;verb-first;correct;Uiteindelijk wist iedereen van Robs ontslag, want hij was het gesprek van de dag op kantoor.;dag;exp;2,15;1;3;;;;;;;;;
1;11;verb-final;correct;Tijdens het popconcert stond Emma te springen, omdat ze uit haar dak ging met haar vriendinnen.;dak;exp;2,51;0,769230769;3;;;;;;;;;
2;11;verb-first;correct;Tijdens het popconcert stond Emma te springen, want ze ging uit haar dak met haar vriendinnen.;dak;exp;2,51;0,818181818;3;;;;;;;;;
4;98;verb-final;correct;Al snel wist iedereen dat Tijmen vader werd, omdat hij het van de daken schreeuwde op zijn werk.;daken;exp;4,45;0,909090909;5;;;;;;;;;
5;98;verb-first;correct;Al snel wist iedereen dat Tijmen vader werd, want hij schreeuwde het van de daken op zijn werk.;daken;exp;4,45;0,933333333;5;;;;;;;;;
5;123;verb-final;correct;Hessel had geen derde biertje moeten nemen, omdat het hek van de dam was daarna.;dam;exp;4,37;1;3;;;;;;;;;
6;123;verb-first;correct;Hessel had geen derde biertje moeten nemen, want het hek was van de dam daarna.;dam;exp;4,37;1;3;;;;;;;;;
1;24;verb-final;correct;Bart zag dat zijn mop grappig was, omdat zijn vrienden in een deuk lagen op de bank.;deuk;exp;2,13;0,769230769;4;;;;;;;;;
2;24;verb-first;correct;Bart zag dat zijn mop grappig was, want zijn vrienden lagen in een deuk op de bank.;deuk;exp;2,13;1;4;;;;;;;;;
6;141;verb-final;correct;De voorwaardelijke celstraf motiveerde Marcel om zich te gedragen, omdat hij een stok achter de deur had immers.;deur;exp;4,39;0,866666667;4;;;;;;;;;
1;141;verb-first;correct;De voorwaardelijke celstraf motiveerde Marcel om zich te gedragen, want hij had een stok achter de deur immers.;deur;exp;4,39;1;4;;;;;;;;;
2;28;verb-final;correct;Sascha merkte dat Nathan geschrokken was van het ongeluk, omdat hij uit zijn doen was maandagavond.;doen;exp;1,51;0,307692308;4;;;;;;;;;
3;28;verb-first;correct;Sascha merkte dat Nathan geschrokken was van het ongeluk, want hij was uit zijn doen maandagavond.;doen;exp;1,51;0,545454545;4;;;;;;;;;
1;1;verb-final;correct;Menno leek niet bang voor geldproblemen na zijn pensioen, omdat hij een appeltje voor de dorst had ongetwijfeld.;dorst;exp;4,18;1;5;;;;;;;;;
2;1;verb-first;correct;Menno leek niet bang voor geldproblemen na zijn pensioen, want hij had een appeltje voor de dorst ongetwijfeld.;dorst;exp;4,18;0,909090909;5;;;;;;;;;
1;21;verb-final;correct;Dirk wist nu dat hij geen piloot kon worden, omdat de selectiecommissie hem uit de droom hielp tijdens de selectiedag.;droom;exp;2,80;0,307692308;5;;;;;;;;;
2;21;verb-first;correct;Dirk wist nu dat hij geen piloot kon worden, want de selectiecommissie hielp hem uit de droom tijdens de selectiedag.;droom;exp;2,80;0,636363636;5;;;;;;;;;
6;143;verb-final;correct;Peter had met Martine te doen, omdat ze van de regen in de drup belandde door haar ziekte.;drup;exp;2,43;0,933333333;4;;;;;;;;;
1;143;verb-first;correct;Peter had met Martine te doen, want ze belandde van de regen in de drup door haar ziekte.;drup;exp;2,43;1;4;;;;;;;;;
1;18;verb-final;correct;De inheemse bevolking kon geen kant op, omdat de machthebbers hen onder de duim hielden tijdens de oorlog.;duim;exp;3,80;0,769230769;4;;;;;;;;;
2;18;verb-first;correct;De inheemse bevolking kon geen kant op, want de machthebbers hielden hen onder de duim tijdens de oorlog.;duim;exp;3,80;0,727272727;4;;;;;;;;;
4;86;verb-final;correct;Leon had in Amsterdam geen navigatie nodig, omdat hij de stad op zijn duimpje kende inmiddels.;duimpje;exp;1,48;0,909090909;7;;;;;;;;;
5;86;verb-first;correct;Leon had in Amsterdam geen navigatie nodig, want hij kende de stad op zijn duimpje inmiddels.;duimpje;exp;1,48;0,933333333;7;;;;;;;;;
2;53;verb-final;correct;Het vraagstuk over de zorgverzekeringen leek complex te zijn, omdat de minister in het duister tastte bij het debat.;duister;exp;4,36;NA;7;;;;;;;;;
3;53;verb-first;correct;Het vraagstuk over de zorgverzekeringen leek complex te zijn, want de minister tastte in het duister bij het debat.;duister;exp;4,36;NA;7;;;;;;;;;
4;104;verb-final;correct;Paulien vond de beoordeling van de groepsopdracht oneerlijk, omdat Sven met de eer streek van haar werk.;eer;exp;1,21;0,454545455;3;;;;;;;;;
5;104;verb-first;correct;Paulien vond de beoordeling van de groepsopdracht oneerlijk, want Sven streek met de eer van haar werk.;eer;exp;1,21;0,933333333;3;;;;;;;;;
3;69;verb-final;correct;Casper deed niets liever dan schaatsen, omdat hij in zijn element was op het ijs.;element;exp;1,80;0,363636364;7;;;;;;;;;
4;69;verb-first;correct;Casper deed niets liever dan schaatsen, want hij was in zijn element op het ijs.;element;exp;1,80;0,533333333;7;;;;;;;;;
5;114;verb-final;correct;De barbecue kon helaas niet doorgaan, omdat de regen roet in het eten gooide zaterdagavond.;eten;exp;4,18;0,933333333;4;;;;;;;;;
6;114;verb-first;correct;De barbecue kon helaas niet doorgaan, want de regen gooide roet in het eten zaterdagavond.;eten;exp;4,18;1;4;;;;;;;;;
1;17;verb-final;correct;Irene kon niet ongezien weglopen, omdat haar ouders haar in de gaten hielden vanuit de woonkamer.;gaten;exp;2,62;0,769230769;5;;;;;;;;;
2;17;verb-first;correct;Irene kon niet ongezien weglopen, want haar ouders hielden haar in de gaten vanuit de woonkamer.;gaten;exp;2,62;0,909090909;5;;;;;;;;;
5;129;verb-final;correct;De Utrechtsupporter had geen spijt van zijn seizoenskaart, omdat hij waar voor zijn geld kreeg afgelopen weekend.;geld;exp;4,39;0,866666667;4;;;;;;;;;
6;129;verb-first;correct;De Utrechtsupporter had geen spijt van zijn seizoenskaart, want hij kreeg waar voor zijn geld afgelopen weekend.;geld;exp;4,39;1;4;;;;;;;;;
6;140;verb-final;correct;Andries was nog altijd verdrietig over zijn gedwongen ontslag, omdat hij achter de geraniums zat sindsdien.;geraniums;exp;4,70;0,333333333;9;;;;;;;;;
1;140;verb-first;correct;Andries was nog altijd verdrietig over zijn gedwongen ontslag, want hij zat achter de geraniums sindsdien.;geraniums;exp;4,70;0,923076923;9;;;;;;;;;
5;132;verb-final;correct;Dennis geloofde niet in die reclamestunt, omdat er een addertje onder het gras schuilde zoals altijd.;gras;exp;4,44;1;4;;;;;;;;;
6;132;verb-first;correct;Dennis geloofde niet in die reclamestunt, want er schuilde een addertje onder het gras zoals altijd.;gras;exp;4,44;1;4;;;;;;;;;
1;6;verb-final;correct;Jorik haatte Mariekes gemene opmerkingen, omdat hij door de grond ging tegenover zijn klasgenoten.;grond;exp;2,19;0,076923077;5;;;;;;;;;
2;6;verb-first;correct;Jorik haatte Mariekes gemene opmerkingen, want hij ging door de grond tegenover zijn klasgenoten.;grond;exp;2,19;0,545454545;5;;;;;;;;;
2;45;verb-final;correct;Aljan kon Aïda al niet meer versieren, omdat Michiel haar aan de haak sloeg vorige week.;haak;exp;3,39;1;4;;;;;;;;;
3;45;verb-first;correct;Aljan kon Aïda al niet meer versieren, want Michiel sloeg haar aan de haak vorige week.;haak;exp;3,39;0,692307692;4;;;;;;;;;
5;116;verb-final;correct;Matthijs had in paniek zijn moeder gebeld, omdat hij met zijn handen in het haar zat na zijn wiskundetoets.;haar;exp;4,98;1;4;;;;;;;;;
6;116;verb-first;correct;Matthijs had in paniek zijn moeder gebeld, want hij zat met zijn handen in het haar na zijn wiskundetoets.;haar;exp;4,98;1;4;;;;;;;;;
6;162;verb-final;correct;De politie moest een einde maken aan het feestje, omdat het uit de hand liep zaterdag.;hand;exp;2,12;0,866666667;4;;;;;;;;;
1;162;verb-first;correct;De politie moest een einde maken aan het feestje, want het liep uit de hand zaterdag.;hand;exp;2,12;1;4;;;;;;;;;
4;83;verb-final;correct;Gedurende haar studietijd gaf Desirée haar spaargeld nooit uit, omdat ze het achter de hand hield voor later.;hand;exp;4,26;0,909090909;4;;;;;;;;;
5;83;verb-first;correct;Gedurende haar studietijd gaf Desirée haar spaargeld nooit uit, want ze hield het achter de hand voor later.;hand;exp;4,26;0,933333333;4;;;;;;;;;
2;30;verb-final;correct;Neeltje zei dat Floris wel iets zuiniger mocht leven, omdat hij een gat in zijn hand had sinds zijn loonsverhoging.;hand;exp;3,41;0,923076923;4;;;;;;;;;
3;30;verb-first;correct;Neeltje zei dat Floris wel iets zuiniger mocht leven, want hij had een gat in zijn hand sinds zijn loonsverhoging.;hand;exp;3,41;0,909090909;4;;;;;;;;;
3;56;verb-final;correct;In het leger deelde de commandant bevelen uit, omdat hij de touwtjes in handen had op de kazerne.;handen;exp;4,76;1;6;;;;;;;;;
4;56;verb-first;correct;In het leger deelde de commandant bevelen uit, want hij had de touwtjes in handen op de kazerne.;handen;exp;4,76;0,866666667;6;;;;;;;;;
1;14;verb-final;correct;In principe was Victor de baas van het restaurant, omdat hij het heft in handen had sinds vorige zomer.;handen;exp;4,27;1;6;;;;;;;;;
2;14;verb-first;correct;In principe was Victor de baas van het restaurant, want hij had het heft in handen sinds vorige zomer.;handen;exp;4,27;0,909090909;6;;;;;;;;;
2;51;verb-final;correct;Meester besloot Chris geen straf te geven, omdat hij met de hand over het hart streek voor een keertje.;hart;exp;3,25;0,846153846;4;;;;;;;;;
3;51;verb-first;correct;Meester besloot Chris geen straf te geven, want hij streek met de hand over het hart voor een keertje.;hart;exp;3,25;0,909090909;4;;;;;;;;;
1;7;verb-final;correct;De verpleegster had medelijden met de kermende patiënt, omdat hij door een hel ging na die kaakoperatie.;hel;exp;1,49;0,818181818;3;;;;;;;;;
2;7;verb-first;correct;De verpleegster had medelijden met de kermende patiënt, want hij ging door een hel na die kaakoperatie.;hel;exp;1,49;0,692307692;3;;;;;;;;;
4;103;verb-final;correct;De burgemeester had spijt van zijn schaamteloze uitspraken, omdat hij in zijn hemd stond voor iedereen.;hemd;exp;4,85;0,272727273;4;;;;;;;;;
5;103;verb-first;correct;De burgemeester had spijt van zijn schaamteloze uitspraken, want hij stond in zijn hemd voor iedereen.;hemd;exp;4,85;0,866666667;4;;;;;;;;;
6;158;verb-final;correct;Het pianoconcert ontving lovende recencies, omdat de pianiste de sterren van de hemel speelde vrijdagavond.;hemel;exp;1,19;0,933333333;5;;;;;;;;;
1;158;verb-first;correct;Het pianoconcert ontving lovende recencies, want de pianiste speelde de sterren van de hemel vrijdagavond.;hemel;exp;1,19;1;5;;;;;;;;;
3;72;verb-final;correct;De achtervolgde dief ging steeds harder rijden, omdat de politie hem op de hielen zat intussen.;hielen;exp;3,13;1;6;;;;;;;;;
4;72;verb-first;correct;De achtervolgde dief ging steeds harder rijden, want de politie zat hem op de hielen intussen.;hielen;exp;3,13;1;6;;;;;;;;;
3;79;verb-final;correct;Berend viel voor Johanna's zwoele blik, omdat die hem het hoofd op hol bracht met haar ogen.;hol;exp;1,57;0,909090909;3;;;;;;;;;
4;79;verb-first;correct;Berend viel voor Johanna's zwoele blik, want ze bracht hem het hoofd op hol met haar ogen.;hol;exp;1,57;1;3;;;;;;;;;
4;93;verb-final;correct;De leraar baalde van zijn slecht voorbereide les, omdat het in het honderd liep dinsdagmiddag.;honderd;exp;1,25;0,454545455;7;;;;;;;;;
5;93;verb-first;correct;De leraar baalde van zijn slecht voorbereide les, want het liep in het honderd dinsdagmiddag.;honderd;exp;1,25;0,733333333;7;;;;;;;;;
1;16;verb-final;correct;De corrupte bankdirecteur ging vrijuit, omdat zijn collega hem de hand boven het hoofd hield tijdens het onderzoek.;hoofd;exp;4,61;0,923076923;5;;;;;;;;;
2;16;verb-first;correct;De corrupte bankdirecteur ging vrijuit, want zijn collega hield hem de hand boven het hoofd tijdens het onderzoek.;hoofd;exp;4,61;1;5;;;;;;;;;
3;71;verb-final;correct;De scheidsrechter bestrafte de overtreding die achter hem plaatsvond niet, omdat hij hem over het hoofd zag uiteraard.;hoofd;exp;3,87;1;5;;;;;;;;;
4;71;verb-first;correct;De scheidsrechter bestrafte de overtreding die achter hem plaatsvond niet, want hij zag hem over het hoofd uiteraard.;hoofd;exp;3,87;1;5;;;;;;;;;
5;111;verb-final;correct;Jeroen vond Tirza onuitstaanbaar, omdat ze hem de oren van het hoofd kletste tijdens koffiepauzes.;hoofd;exp;1,38;0,866666667;5;;;;;;;;;
6;111;verb-first;correct;Jeroen vond Tirza onuitstaanbaar, want ze kletste hem de oren van het hoofd tijdens koffiepauzes.;hoofd;exp;1,38;1;5;;;;;;;;;
6;146;verb-final;correct;Anita vond de acteur nogal arrogant, omdat hij uit de hoogte deed over zijn acteerkunsten.;hoogte;exp;1,98;0,8;6;;;;;;;;;
1;146;verb-first;correct;Anita vond de acteur nogal arrogant, want hij deed uit de hoogte over zijn acteerkunsten.;hoogte;exp;1,98;0,846153846;6;;;;;;;;;
3;68;verb-final;correct;Saar vrolijkte Bastiaan altijd op, omdat zij het zonnetje in huis was binnen het gezin.;huis;exp;1,17;1;4;;;;;;;;;
4;68;verb-first;correct;Saar vrolijkte Bastiaan altijd op, want zij was het zonnetje in huis binnen het gezin.;huis;exp;1,17;0,933333333;4;;;;;;;;;
5;117;verb-final;correct;Sofia schrok nogal van Michaels plotselinge mededeling, omdat hij met de deur in huis viel eerlijk gezegd.;huis;exp;3,54;1;4;;;;;;;;;
6;117;verb-first;correct;Sofia schrok nogal van Michaels plotselinge mededeling, want hij viel met de deur in huis eerlijk gezegd.;huis;exp;3,54;0,923076923;4;;;;;;;;;
6;148;verb-final;correct;Olivier moest zijn plannen plotseling wijzigen, omdat er een kink in de kabel kwam door de treinstaking.;kabel;exp;4,55;1;5;;;;;;;;;
1;148;verb-first;correct;Olivier moest zijn plannen plotseling wijzigen, want er kwam een kink in de kabel door de treinstaking.;kabel;exp;4,55;1;5;;;;;;;;;
4;97;verb-final;correct;De sollicitant kreeg weinig informatie over de functie, omdat de manager over koetjes en kalfjes praatte tijdens het interview.;kalfjes;exp;4,04;1;7;;;;;;;;;
5;97;verb-first;correct;De sollicitant kreeg weinig informatie over de functie, want de manager praatte over koetjes en kalfjes tijdens het interview.;kalfjes;exp;4,04;1;7;;;;;;;;;
6;160;verb-final;correct;De winnende wielrenner was nu volledig uitgeput, omdat hij het onderste uit de kan haalde in de eindsprint.;kan;exp;4,67;0,933333333;3;;;;;;;;;
1;160;verb-first;correct;De winnende wielrenner was nu volledig uitgeput, want hij haalde het onderste uit de kan in de eindsprint.;kan;exp;4,67;1;3;;;;;;;;;
1;23;verb-final;correct;Hilda vond Maarten een pestkop, omdat hij haar op de kast joeg met zijn getreiter.;kast;exp;3,92;0,153846154;4;;;;;;;;;
2;23;verb-first;correct;Hilda vond Maarten een pestkop, want hij joeg haar op de kast met zijn getreiter.;kast;exp;3,92;0,727272727;4;;;;;;;;;
3;60;verb-final;correct;Joops vrienden wisten al lang dat hij op mannen viel, omdat hij uit de kast kwam op zijn zestiende.;kast;exp;3,92;0,727272727;4;;;;;;;;;
4;60;verb-first;correct;Joops vrienden wisten al lang dat hij op mannen viel, want hij kwam uit de kast op zijn zestiende.;kast;exp;3,92;1;4;;;;;;;;;
5;125;verb-final;correct;In de puberteit veranderde de stem van Jan Smit, omdat hij de baard in de keel kreeg opeens.;keel;exp;1,65;1;4;;;;;;;;;
6;125;verb-first;correct;In de puberteit veranderde de stem van Jan Smit, want hij kreeg de baard in de keel opeens.;keel;exp;1,65;1;4;;;;;;;;;
1;2;verb-final;correct;Niels merkte dat hij de auditie erg spannend vond, omdat zijn hart in zijn keel klopte voor die tijd.;keel;exp;2,31;0,923076923;4;;;;;;;;;
2;2;verb-first;correct;Niels merkte dat hij de auditie erg spannend vond, want zijn hart klopte in zijn keel voor die tijd.;keel;exp;2,31;1;4;;;;;;;;;
3;75;verb-final;correct;Roos moest die deadline nu wel halen, omdat haar baas haar het mes op de keel zette vanmiddag.;keel;exp;4,72;0,909090909;4;;;;;;;;;
4;75;verb-first;correct;Roos moest die deadline nu wel halen, want haar baas zette haar het mes op de keel vanmiddag.;keel;exp;4,72;0,933333333;4;;;;;;;;;
5;113;verb-final;correct;De gemeente kon de wetswijziging eindelijk doorvoeren, omdat de kogel door de kerk was in het kabinet.;kerk;exp;3,97;1;4;;;;;;;;;
6;113;verb-first;correct;De gemeente kon de wetswijziging eindelijk doorvoeren, want de kogel was door de kerk in het kabinet.;kerk;exp;3,97;1;4;;;;;;;;;
6;161;verb-final;correct;Jelle was blij met de uitgestelde deadline, omdat dat de druk van de ketel haalde voor nu.;ketel;exp;4,12;1;5;;;;;;;;;
1;161;verb-first;correct;Jelle was blij met de uitgestelde deadline, want dat haalde de druk van de ketel voor nu.;ketel;exp;4,12;1;5;;;;;;;;;
4;89;verb-final;correct;De wielrenners moesten voor de bergetappe goed uitgerust zijn, omdat ze het voor hun kiezen kregen vandaag.;kiezen;exp;2,92;0,818181818;6;;;;;;;;;
5;89;verb-first;correct;De wielrenners moesten voor de bergetappe goed uitgerust zijn, want ze kregen het voor hun kiezen vandaag.;kiezen;exp;2,92;1;6;;;;;;;;;
2;31;verb-final;correct;Bij die protestactie moest de oproerpolitie optreden, omdat het uit de klauwen liep op het Malieveld.;klauwen;exp;1,62;0;7;;;;;;;;;
3;31;verb-first;correct;Bij die protestactie moest de oproerpolitie optreden, want het liep uit de klauwen op het Malieveld.;klauwen;exp;1,62;0;7;;;;;;;;;
4;88;verb-final;correct;De taallessen waren volgens Jacques erg nuttig, omdat hij het Nederlands onder de knie kreeg na een tijdje.;knie;exp;3,00;0,818181818;4;;;;;;;;;
5;88;verb-first;correct;De taallessen waren volgens Jacques erg nuttig, want hij kreeg het Nederlands onder de knie na een tijdje.;knie;exp;3,00;0,866666667;4;;;;;;;;;
5;126;verb-final;correct;Jonathan gaf Annemarie volkomen gelijk, omdat ze de spijker op zijn kop sloeg met haar opmerking.;kop;exp;4,87;1;3;;;;;;;;;
6;126;verb-first;correct;Jonathan gaf Annemarie volkomen gelijk, want ze sloeg de spijker op zijn kop met haar opmerking.;kop;exp;4,87;1;3;;;;;;;;;
1;5;verb-final;correct;Zelfs na de zoveelste afwijzing liet Karel Wende niet met rust, omdat hij een bord voor zijn kop had blijkbaar.;kop;exp;4,00;0,846153846;3;;;;;;;;;
2;5;verb-first;correct;Zelfs na de zoveelste afwijzing liet Karel Wende niet met rust, want hij had een bord voor zijn kop blijkbaar.;kop;exp;4,00;0,909090909;3;;;;;;;;;
3;70;verb-final;correct;Hans was inmiddels overtuigd van Willemiens daadkracht, omdat ze spijkers met koppen sloeg bij de vergadering.;koppen;exp;3,36;1;6;;;;;;;;;
4;70;verb-first;correct;Hans was inmiddels overtuigd van Willemiens daadkracht, want ze sloeg spijkers met koppen bij de vergadering.;koppen;exp;3,36;0,933333333;6;;;;;;;;;
2;42;verb-final;correct;De selectieprocedure was erg streng, omdat de toelatingscommissie het kaf van het koren scheidde voor die opleiding.;koren;exp;4,46;0,923076923;5;;;;;;;;;
3;42;verb-first;correct;De selectieprocedure was erg streng, want de toelatingscommissie scheidde het kaf van het koren voor die opleiding.;koren;exp;4,46;1;5;;;;;;;;;
4;107;verb-final;correct;De winkeldief kwam niet ver met zijn buit, omdat de agent hem in de kraag vatte bij de uitgang.;kraag;exp;4,59;0,545454545;5;;;;;;;;;
5;107;verb-first;correct;De winkeldief kwam niet ver met zijn buit, want de agent vatte hem in de kraag bij de uitgang.;kraag;exp;4,59;0,933333333;5;;;;;;;;;
4;100;verb-final;correct;Kees zag zichzelf als kostwinner, omdat hij geld in het laatje bracht de afgelopen jaren.;laatje;exp;4,56;0,818181818;6;;;;;;;;;
5;100;verb-first;correct;Kees zag zichzelf als kostwinner, want hij bracht geld in het laatje de afgelopen jaren.;laatje;exp;4,56;0,8;6;;;;;;;;;
2;34;verb-final;correct;Groningen zal geen last meer hebben van die pyromaan, omdat hij tegen de lamp liep dinsdagavond.;lamp;exp;4,87;0,769230769;4;;;;;;;;;
3;34;verb-first;correct;Groningen zal geen last meer hebben van die pyromaan, want hij liep tegen de lamp dinsdagavond.;lamp;exp;4,87;0,818181818;4;;;;;;;;;
5;122;verb-final;correct;De Ajax-spelers liepen gespannen het stadion binnen, omdat ze zich in het hol van de leeuw bevonden in de finale.;leeuw;exp;3,90;1;5;;;;;;;;;
6;122;verb-first;correct;De Ajax-spelers liepen gespannen het stadion binnen, want ze bevonden zich in het hol van de leeuw in de finale.;leeuw;exp;3,90;1;5;;;;;;;;;
5;130;verb-final;correct;Koen was helemaal schor, omdat hij zich de longen uit het lijf schreeuwde tijdens de voetbalwedstrijd.;lijf;exp;1,36;1;4;;;;;;;;;
6;130;verb-first;correct;Koen was helemaal schor, want hij schreeuwde zich de longen uit het lijf tijdens de voetbalwedstrijd.;lijf;exp;1,36;1;4;;;;;;;;;
1;22;verb-final;correct;Tijdens de spooktocht gilden de kinderen het uit, omdat Joris hen de stuipen op het lijf joeg in het bos.;lijf;exp;1,32;1;4;;;;;;;;;
2;22;verb-first;correct;Tijdens de spooktocht gilden de kinderen het uit, want Joris joeg hen de stuipen op het lijf in het bos.;lijf;exp;1,32;1;4;;;;;;;;;
3;55;verb-final;correct;Voor Romy voelde het kennismakingsgesprek als een verhoor, omdat de bedrijfsleider haar het hemd van het lijf vroeg gisteren.;lijf;exp;1,97;0,818181818;4;;;;;;;;;
4;55;verb-first;correct;Voor Romy voelde het kennismakingsgesprek als een verhoor, want de bedrijfsleider vroeg haar het hemd van het lijf gisteren.;lijf;exp;1,97;0,933333333;4;;;;;;;;;
1;8;verb-final;correct;Linda probeerde haar woedende broer te kalmeren, omdat hij door het lint ging tegen de portier.;lint;exp;4,35;1;4;;;;;;;;;
2;8;verb-first;correct;Linda probeerde haar woedende broer te kalmeren, want hij ging door het lint tegen de portier.;lint;exp;4,35;1;4;;;;;;;;;
2;38;verb-final;correct;Uiteindelijk wist de rechercheur alles van de verdachte, omdat hij hem onder de loep nam in zijn onderzoek.;loep;exp;3,41;0,538461538;4;;;;;;;;;
3;38;verb-first;correct;Uiteindelijk wist de rechercheur alles van de verdachte, want hij nam hem onder de loep in zijn onderzoek.;loep;exp;3,41;0,909090909;4;;;;;;;;;
5;133;verb-final;correct;Het was niet te missen dat Joep blij was, omdat hij een gat in de lucht sprong zaterdagochtend.;lucht;exp;1,50;0,933333333;5;;;;;;;;;
6;133;verb-first;correct;Het was niet te missen dat Joep blij was, want hij sprong een gat in de lucht zaterdagochtend.;lucht;exp;1,50;1;5;;;;;;;;;
4;91;verb-final;correct;De handelaar in nepgoud werd opgepakt, omdat hij door de mand viel op een gegeven moment.;mand;exp;3,45;0,818181818;4;;;;;;;;;
5;91;verb-first;correct;De handelaar in nepgoud werd opgepakt, want hij viel door de mand op een gegeven moment.;mand;exp;3,45;1;4;;;;;;;;;
2;41;verb-final;correct;Het was duidelijk dat de directeur Stefans gespijbel ontdekt had, omdat hij hem op het matje riep maandagochtend.;matje;exp;3,84;0,538461538;5;;;;;;;;;
3;41;verb-first;correct;Het was duidelijk dat de directeur Stefans gespijbel ontdekt had, want hij riep hem op het matje maandagochtend.;matje;exp;3,84;1;5;;;;;;;;;
1;9;verb-final;correct;Sandra werd door de chirurg onder narcose gebracht, omdat ze onder het mes ging zometeen.;mes;exp;3,92;0,846153846;3;;;;;;;;;
2;9;verb-first;correct;Sandra werd door de chirurg onder narcose gebracht, want ze ging onder het mes zometeen.;mes;exp;3,92;0,909090909;3;;;;;;;;;
2;40;verb-final;correct;Kristel vond dat Paul haar te weinig uitdaagde, omdat hij haar naar de mond praatte elke keer.;mond;exp;1,71;0,384615385;4;;;;;;;;;
3;40;verb-first;correct;Kristel vond dat Paul haar te weinig uitdaagde, want hij praatte haar naar de mond elke keer.;mond;exp;1,71;1;4;;;;;;;;;
4;85;verb-final;correct;Roberta vond dat de advocaat haar verhaal verdraaide, omdat hij haar woorden in de mond legde in de rechtbank.;mond;exp;1,61;0,727272727;4;;;;;;;;;
5;85;verb-first;correct;Roberta vond dat de advocaat haar verhaal verdraaide, want hij legde haar woorden in de mond in de rechtbank.;mond;exp;1,61;1;4;;;;;;;;;
6;152;verb-final;correct;Ruben kon de chocoladetaart moeilijk weerstaan, omdat het water hem in de mond liep bij de bakker.;mond;exp;4,44;1;4;;;;;;;;;
1;152;verb-first;correct;Ruben kon de chocoladetaart moeilijk weerstaan, want het water liep hem in de mond bij de bakker.;mond;exp;4,44;0,923076923;4;;;;;;;;;
2;48;verb-final;correct;Tijdens de verhuizing kon Nico Merel goed gebruiken, omdat ze haar handen uit de mouwen stak bij het inpakken.;mouwen;exp;4,82;0,923076923;6;;;;;;;;;
3;48;verb-first;correct;Tijdens de verhuizing kon Nico Merel goed gebruiken, want ze stak haar handen uit de mouwen bij het inpakken.;mouwen;exp;4,82;0,818181818;6;;;;;;;;;
6;150;verb-final;correct;De Groningse aardbevingslachtoffers voelden zich machteloos, omdat ze met de rug tegen de muur stonden zo onderhand.;muur;exp;4,88;1;4;;;;;;;;;
1;150;verb-first;correct;De Groningse aardbevingslachtoffers voelden zich machteloos, want ze stonden met de rug tegen de muur zo onderhand.;muur;exp;4,88;1;4;;;;;;;;;
2;52;verb-final;correct;Simon vond de service bij de Belastingdienst waardeloos, omdat ze hem van het kastje naar de muur stuurden zoals gewoonlijk.;muur;exp;4,55;1;4;;;;;;;;;
3;52;verb-first;correct;Simon vond de service bij de Belastingdienst waardeloos, want ze stuurden hem van het kastje naar de muur zoals gewoonlijk.;muur;exp;4,55;1;4;;;;;;;;;
6;139;verb-final;correct;Loes mocht blij zijn dat ze nog leefde, omdat ze door het oog van de naald kroop vorig jaar.;naald;exp;1,55;0,933333333;5;;;;;;;;;
1;139;verb-first;correct;Loes mocht blij zijn dat ze nog leefde, want ze kroop door het oog van de naald vorig jaar.;naald;exp;1,55;1;5;;;;;;;;;
3;63;verb-final;correct;Laura had spijt dat ze niet eerder concertkaartjes had gekocht, omdat ze achter het net viste deze keer.;net;exp;4,12;1;3;;;;;;;;;
4;63;verb-first;correct;Laura had spijt dat ze niet eerder concertkaartjes had gekocht, want ze viste achter het net deze keer. ;net;exp;4,12;1;3;;;;;;;;;
3;76;verb-final;correct;Jacob zal zich voorlopig niet weer zo misdragen, omdat Sterre hem op zijn nummer zette woensdagavond.;nummer;exp;2,15;0,181818182;6;;;;;;;;;
4;76;verb-first;correct;Jacob zal zich voorlopig niet weer zo misdragen, want Sterre zette hem op zijn nummer woensdagavond.;nummer;exp;2,15;0,533333333;6;;;;;;;;;
6;155;verb-final;correct;Annabel vond Boudewijns woede-uitbarsting nogal overdreven, omdat hij van een mug een olifant maakte in de supermarkt.;olifant;exp;1,18;1;7;;;;;;;;;
1;155;verb-first;correct;Annabel vond Boudewijns woede-uitbarsting nogal overdreven, want hij maakte van een mug een olifant in de supermarkt.;olifant;exp;1,18;1;7;;;;;;;;;
3;58;verb-final;correct;Na haar verhuizing heeft Frederik Tanja nooit weer gezien, omdat hij haar uit het oog verloor op den duur.;oog;exp;2,99;0,818181818;3;;;;;;;;;
4;58;verb-first;correct;Na haar verhuizing heeft Frederik Tanja nooit weer gezien, want hij verloor haar uit het oog op den duur.;oog;exp;2,99;1;3;;;;;;;;;
4;87;verb-final;correct;Myra zou oma's levenslessen niet vergeten, omdat ze ze in haar oren knoopte zoals beloofd.;oren;exp;1,43;0;4;;;;;;;;;
5;87;verb-first;correct;Myra zou oma's levenslessen niet vergeten, want ze knoopte ze in haar oren zoals beloofd.;oren;exp;1,43;0,933333333;4;;;;;;;;;
3;57;verb-final;correct;Sander zag dat iedereen zijn outfit misplaatst vond, omdat hij voor paal stond op het feestje.;paal;exp;2,87;0,090909091;4;;;;;;;;;
4;57;verb-first;correct;Sander zag dat iedereen zijn outfit misplaatst vond, want hij stond voor paal op het feestje.;paal;exp;2,87;0,4;4;;;;;;;;;
5;134;verb-final;correct;De aandeelhouders konden het beleidsplan sterk beïnvloeden, omdat ze een vinger in de pap hadden bij het bestuur.;pap;exp;4,41;0,8;3;;;;;;;;;
6;134;verb-first;correct;De aandeelhouders konden het beleidsplan sterk beïnvloeden, want ze hadden een vinger in de pap bij het bestuur.;pap;exp;4,41;1;3;;;;;;;;;
6;156;verb-final;correct;Als ondernemer kon Erik moeilijk een dag vrij nemen, omdat hij geen brood op de plank had in dat geval.;plank;exp;4,26;1;5;;;;;;;;;
1;156;verb-first;correct;Als ondernemer kon Erik moeilijk een dag vrij nemen, want hij had geen brood op de plank in dat geval.;plank;exp;4,26;1;5;;;;;;;;;
3;73;verb-final;correct;Aletta probeerde Christiaan op te vrolijken, omdat hij in de put zat na zijn ontslag.;put;exp;4,49;0,727272727;3;;;;;;;;;
4;73;verb-first;correct;Aletta probeerde Christiaan op te vrolijken, want hij zat in de put na zijn ontslag.;put;exp;4,49;0,6;3;;;;;;;;;
6;157;verb-final;correct;De vrijwilligers waardeerden Henks toespraak zeer, omdat hij hen een hart onder de riem stak daarmee.;riem;exp;1,77;1;4;;;;;;;;;
1;157;verb-first;correct;De vrijwilligers waardeerden Henks toespraak zeer, want hij stak hen een hart onder de riem daarmee.;riem;exp;1,77;1;4;;;;;;;;;
5;124;verb-final;correct;Ondanks heel veel rijlessen had Lotte nog geen rijbewijs, omdat ze de handdoek in de ring gooide vorige maand.;ring;exp;4,65;1;4;;;;;;;;;
6;124;verb-first;correct;Ondanks heel veel rijlessen had Lotte nog geen rijbewijs, want ze gooide de handdoek in de ring vorige maand.;ring;exp;4,65;1;4;;;;;;;;;
2;29;verb-final;correct;Vera was erg tevreden over het verloop van het evenement, omdat het op rolletjes liep vorig weekend.;rolletjes;exp;2,88;0,769230769;9;;;;;;;;;
3;29;verb-first;correct;Vera was erg tevreden over het verloop van het evenement, want het liep op rolletjes vorig weekend.;rolletjes;exp;2,88;1;9;;;;;;;;;
3;66;verb-final;correct;Lianne was enorm blij met Susans cadeau, omdat het een schot in de roos was van haar.;roos;exp;4,33;1;4;;;;;;;;;
4;66;verb-first;correct;Lianne was enorm blij met Susans cadeau, want het was een schot in de roos van haar.;roos;exp;4,33;1;4;;;;;;;;;
4;108;verb-final;correct;Zonder diploma kreeg Luuk geen baan of uitkering, omdat hij tussen wal en schip viel kennelijk.;schip;exp;4,50;1;5;;;;;;;;;
5;108;verb-first;correct;Zonder diploma kreeg Luuk geen baan of uitkering, want hij viel tussen wal en schip kennelijk.;schip;exp;4,50;1;5;;;;;;;;;
2;32;verb-final;correct;Alieke vond dat Alex wel iets bescheidener mocht zijn, omdat hij naast zijn schoenen liep zo langzamerhand.;schoenen;exp;3,46;1;8;;;;;;;;;
3;32;verb-first;correct;Alieke vond dat Alex wel iets bescheidener mocht zijn, want hij liep naast zijn schoenen zo langzamerhand.;schoenen;exp;3,46;1;8;;;;;;;;;
6;153;verb-final;correct;Max merkte dat Jasmijn uitgeput was, omdat ze als een blok in slaap viel naast hem.;slaap;exp;1,33;1;5;;;;;;;;;
1;153;verb-first;correct;Max merkte dat Jasmijn uitgeput was, want ze viel als een blok in slaap naast hem.;slaap;exp;1,33;1;5;;;;;;;;;
6;142;verb-final;correct;Tom kon nu niet aan zijn muziekstuk werken, omdat hij aan de slag ging met zijn brommer.;slag;exp;2,85;0,133333333;4;;;;;;;;;
1;142;verb-first;correct;Tom kon nu niet aan zijn muziekstuk werken, want hij ging aan de slag met zijn brommer.;slag;exp;2,85;0,076923077;4;;;;;;;;;
4;96;verb-final;correct;Ondanks zijn handicap reisde Job veel, omdat Abel hem op sleeptouw nam overal naartoe.;sleeptouw;exp;3,39;0,363636364;9;;;;;;;;;
5;96;verb-first;correct;Ondanks zijn handicap reisde Job veel, want Abel nam hem op sleeptouw overal naartoe.;sleeptouw;exp;3,39;0,866666667;9;;;;;;;;;
2;43;verb-final;correct;Nadia schrok van Hendriks boze reactie, omdat hij uit zijn slof schoot vanuit het niets.;slof;exp;3,44;0,461538462;4;;;;;;;;;
3;43;verb-first;correct;Nadia schrok van Hendriks boze reactie, want hij schoot uit zijn slof vanuit het niets.;slof;exp;3,44;1;4;;;;;;;;;
1;25;verb-final;correct;Die starterswoningen werden razendsnel verkocht, omdat ze in de smaak vielen bij veel mensen.;smaak;exp;1,09;0,307692308;5;;;;;;;;;
2;25;verb-first;correct;Die starterswoningen werden razendsnel verkocht, want ze vielen in de smaak bij veel mensen.;smaak;exp;1,09;1;5;;;;;;;;;
1;10;verb-final;correct;Het slachthuis was niet blij met de geheime videobeelden, omdat ze op hun smoel gingen voor de inspectie.;smoel;exp;4,08;0;5;;;;;;;;;
2;10;verb-first;correct;Het slachthuis was niet blij met de geheime videobeelden, want ze gingen op hun smoel voor de inspectie.;smoel;exp;4,08;0;5;;;;;;;;;
6;151;verb-final;correct;Aafke baalde van de regenbui, omdat het tuinfeest in de soep liep met dit weer.;soep;exp;2,93;0,666666667;4;;;;;;;;;
1;151;verb-first;correct;Aafke baalde van de regenbui, want het tuinfeest liep in de soep met dit weer.;soep;exp;2,93;0,846153846;4;;;;;;;;;
5;121;verb-final;correct;Volgens Welmoed loog Thijs dat hij nooit bang was, omdat hij een held op sokken was in werkelijkheid.;sokken;exp;4,28;1;6;;;;;;;;;
6;121;verb-first;correct;Volgens Welmoed loog Thijs dat hij nooit bang was, want hij was een held op sokken in werkelijkheid.;sokken;exp;4,28;1;6;;;;;;;;;
5;118;verb-final;correct;Maria moest Arjen alleen opvoeden, omdat zijn vader haar in de steek liet na de geboorte.;steek;exp;2,05;1;5;;;;;;;;;
6;118;verb-first;correct;Maria moest Arjen alleen opvoeden, want zijn vader liet haar in de steek na de geboorte.;steek;exp;2,05;1;5;;;;;;;;;
5;112;verb-final;correct;Tijdens carnaval was er altijd geluidsoverlast, omdat de feestgangers de boel op stelten zetten in veel steden.;stelten;exp;2,96;0,933333333;7;;;;;;;;;
6;112;verb-first;correct;Tijdens carnaval was er altijd geluidsoverlast, want de feestgangers zetten de boel op stelten in veel steden.;stelten;exp;2,96;0,923076923;7;;;;;;;;;
2;37;verb-final;correct;Na lang twijfelen deed Sara toch mee, omdat Steven haar over de streep trok met zijn argumenten.;streep;exp;4,65;0,692307692;6;;;;;;;;;
3;37;verb-first;correct;Na lang twijfelen deed Sara toch mee, want Steven trok haar over de streep met zijn argumenten.;streep;exp;4,65;1;6;;;;;;;;;
6;147;verb-final;correct;De oppositie kon de belastingverhoging niet tegenhouden, omdat de minister voet bij stuk hield helaas.;stuk;exp;2,00;1;4;;;;;;;;;
1;147;verb-first;correct;De oppositie kon de belastingverhoging niet tegenhouden, want de minister hield voet bij stuk helaas.;stuk;exp;2,00;1;4;;;;;;;;;
1;26;verb-final;correct;Uiteindelijk werden de reorganisatieplannen wel duidelijk, omdat de directeur zijn kaarten op tafel legde gisterochtend.;tafel;exp;4,92;0,846153846;5;;;;;;;;;
2;26;verb-first;correct;Uiteindelijk werden de reorganisatieplannen wel duidelijk, want de directeur legde zijn kaarten op tafel gisterochtend.;tafel;exp;4,92;1;5;;;;;;;;;
5;131;verb-final;correct;Denise vond Joukes verhaal nogal chaotisch, omdat hij van de hak op de tak sprong als het ware.;tak;exp;2,19;1;3;;;;;;;;;
6;131;verb-first;correct;Denise vond Joukes verhaal nogal chaotisch, want hij sprong van de hak op de tak als het ware.;tak;exp;2,19;1;3;;;;;;;;;
3;64;verb-final;correct;De verdachte kon de waarheid moeilijk verbergen, omdat de rechter hem aan de tand voelde over de zaak.;tand;exp;4,40;0,818181818;4;;;;;;;;;
4;64;verb-first;correct;De verdachte kon de waarheid moeilijk verbergen, want de rechter voelde hem aan de tand over de zaak.;tand;exp;4,40;0,866666667;4;;;;;;;;;
2;33;verb-final;correct;Johan ontdekte dat de HAVO eigenlijk te moeilijk voor hem was, omdat hij op zijn tenen liep het afgelopen jaar.;tenen;exp;4,85;0,846153846;5;;;;;;;;;
3;33;verb-first;correct;Johan ontdekte dat de HAVO eigenlijk te moeilijk voor hem was, want hij liep op zijn tenen het afgelopen jaar.;tenen;exp;4,85;1;5;;;;;;;;;
2;36;verb-final;correct;Uiteindelijk bekende de dief toch schuld, omdat de agent hem uit zijn tent lokte in de verhoorkamer.;tent;exp;4,26;0,538461538;4;;;;;;;;;
3;36;verb-first;correct;Uiteindelijk bekende de dief toch schuld, want de agent lokte hem uit zijn tent in de verhoorkamer.;tent;exp;4,26;0,818181818;4;;;;;;;;;
3;62;verb-final;correct;Florian baalde van zijn kledingkeus, omdat hij uit de toon viel met zijn slobbertrui.;toon;exp;1,87;0,636363636;4;;;;;;;;;
4;62;verb-first;correct;Florian baalde van zijn kledingkeus, want hij viel uit de toon met zijn slobbertrui.;toon;exp;1,87;0,6;4;;;;;;;;;
1;27;verb-final;correct;De fraudeurs wisten hun witwaspraktijken te verbergen, omdat ze de agenten om de tuin leidden bij huiszoekingen.;tuin;exp;4,42;0,923076923;4;;;;;;;;;
2;27;verb-first;correct;De fraudeurs wisten hun witwaspraktijken te verbergen, want ze leidden de agenten om de tuin bij huiszoekingen.;tuin;exp;4,42;1;4;;;;;;;;;
4;94;verb-final;correct;Dora betreurde dat ze dat internetbedrijf zomaar vertrouwd had, omdat ze in de val liep van oplichters.;val;exp;4,45;0,090909091;3;;;;;;;;;
5;94;verb-first;correct;Dora betreurde dat ze dat internetbedrijf zomaar vertrouwd had, want ze liep in de val van oplichters.;val;exp;4,45;0,666666667;3;;;;;;;;;
2;47;verb-final;correct;Alita omschreef Lisa als opvliegend, omdat ze uit haar vel sprong bij het minste of geringste.;vel;exp;1,13;0,538461538;3;;;;;;;;;
3;47;verb-first;correct;Alita omschreef Lisa als opvliegend, want ze sprong uit haar vel bij het minste of geringste.;vel;exp;1,13;1;3;;;;;;;;;
2;50;verb-final;correct;Het was duidelijk dat juf Cindy geen treitergedrag duldde, omdat ze pestkoppen op de vingers tikte in de klas.;vingers;exp;4,90;0,153846154;7;;;;;;;;;
3;50;verb-first;correct;Het was duidelijk dat juf Cindy geen treitergedrag duldde, want ze tikte pestkoppen op de vingers in de klas.;vingers;exp;4,90;1;7;;;;;;;;;
4;82;verb-final;correct;Kyra kon steeds sneller haar veters strikken, omdat ze het in de vingers kreeg dankzij die oefeningen.;vingers;exp;3,96;0,909090909;7;;;;;;;;;
5;82;verb-first;correct;Kyra kon steeds sneller haar veters strikken, want ze kreeg het in de vingers dankzij die oefeningen.;vingers;exp;3,96;0,533333333;7;;;;;;;;;
6;144;verb-final;correct;Tijdens zijn proefverlof had Kevin beter niet kunnen stelen, omdat hij zich in de vingers sneed met die actie.;vingers;exp;4,84;0,066666667;7;;;;;;;;;
1;144;verb-first;correct;Tijdens zijn proefverlof had Kevin beter niet kunnen stelen, want hij sneed zich in de vingers met die actie.;vingers;exp;4,84;0,846153846;7;;;;;;;;;
4;102;verb-final;correct;Nadine moest constant aan de knappe Kenny denken, omdat ze in vuur en vlam stond na hun date.;vlam;exp;3,87;1;4;;;;;;;;;
5;102;verb-first;correct;Nadine moest constant aan de knappe Kenny denken, want ze stond in vuur en vlam na hun date.;vlam;exp;3,87;1;4;;;;;;;;;
2;39;verb-final;correct;Na het overlijden van zijn ouders hoefde David niet naar een pleeggezin, omdat opa hem onder zijn vleugels nam gelukkig.;vleugels;exp;2,55;0;8;;;;;;;;;
3;39;verb-first;correct;Na het overlijden van zijn ouders hoefde David niet naar een pleeggezin, want opa nam hem onder zijn vleugels gelukkig.;vleugels;exp;2,55;0;8;;;;;;;;;
4;95;verb-final;correct;De agent moest snel achter de bankrover aan, omdat hij zich uit de voeten maakte met de buit.;voeten;exp;1,76;1;6;;;;;;;;;
5;95;verb-first;correct;De agent moest snel achter de bankrover aan, want hij maakte zich uit de voeten met de buit.;voeten;exp;1,76;1;6;;;;;;;;;
4;101;verb-final;correct;De commentator vond de tactiek van Ajax erg riskant, omdat ze met vuur speelden tegen die club.;vuur;exp;4,82;0,454545455;4;;;;;;;;;
5;101;verb-first;correct;De commentator vond de tactiek van Ajax erg riskant, want ze speelden met vuur tegen die club.;vuur;exp;4,82;1;4;;;;;;;;;
2;35;verb-final;correct;Het was dom van de minister om de omstreden Betuwelijn zo te prijzen, omdat hij olie op het vuur gooide daardoor.;vuur;exp;4,71;0,923076923;4;;;;;;;;;
3;35;verb-first;correct;Het was dom van de minister om de omstreden Betuwelijn zo te prijzen, want hij gooide olie op het vuur daardoor.;vuur;exp;4,71;1;4;;;;;;;;;
6;138;verb-final;correct;Jaap kon gelukkig net rondkomen, omdat hij het hoofd boven water hield met kleine klusjes.;water;exp;4,84;1;5;;;;;;;;;
1;138;verb-first;correct;Jaap kon gelukkig net rondkomen, want hij hield het hoofd boven water met kleine klusjes.;water;exp;4,84;1;5;;;;;;;;;
6;149;verb-final;correct;In korte tijd werd Guus Meeuwis beroemd, omdat hij aan de weg timmerde met zijn muziek.;weg;exp;3,06;0,4;3;;;;;;;;;
1;149;verb-first;correct;In korte tijd werd Guus Meeuwis beroemd, want hij timmerde aan de weg met zijn muziek.;weg;exp;3,06;1;3;;;;;;;;;
3;61;verb-final;correct;Piet vond het begin van die opdracht makkelijk, omdat de juf hem op weg hielp in de les.;weg;exp;2,06;0,272727273;3;;;;;;;;;
4;61;verb-first;correct;Piet vond het begin van die opdracht makkelijk, want de juf hielp hem op weg in de les.;weg;exp;2,06;0,8;3;;;;;;;;;
6;136;verb-final;correct;De lerarenstaking had blijkbaar effect gehad, omdat het schoolbestuur water bij de wijn deed uiteindelijk.;wijn;exp;4,34;1;4;;;;;;;;;
1;136;verb-first;correct;De lerarenstaking had blijkbaar effect gehad, want het schoolbestuur deed water bij de wijn uiteindelijk.;wijn;exp;4,34;1;4;;;;;;;;;
3;80;verb-final;correct;Muhammed Ali won de wedstrijd dankzij een schijnbeweging, omdat hij zijn tegenstander van de wijs bracht op die manier.;wijs;exp;2,51;0,272727273;4;;;;;;;;;
4;80;verb-first;correct;Muhammed Ali won de wedstrijd dankzij een schijnbeweging, want hij bracht zijn tegenstander van de wijs op die manier.;wijs;exp;2,51;0,466666667;4;;;;;;;;;
4;99;verb-final;correct;Vanavond had Rinus zijn diploma-uitreiking, omdat hij met vlag en wimpel slaagde afgelopen donderdag.;wimpel;exp;1,65;1;6;;;;;;;;;
5;99;verb-first;correct;Vanavond had Rinus zijn diploma-uitreiking, want hij slaagde met vlag en wimpel afgelopen donderdag.;wimpel;exp;1,65;1;6;;;;;;;;;
1;4;verb-final;correct;Al snel kon Lars zijn internetbedrijf uitbreiden, omdat het hem voor de wind ging dat jaar.;wind;exp;2,78;0,923076923;4;;;;;;;;;
2;4;verb-first;correct;Al snel kon Lars zijn internetbedrijf uitbreiden, want het ging hem voor de wind dat jaar.;wind;exp;2,78;1;4;;;;;;;;;
4;90;verb-final;correct;Seth ging niet mee naar het feestje, omdat hij onder de wol kroop om half tien.;wol;exp;4,62;0,363636364;3;;;;;;;;;
5;90;verb-first;correct;Seth ging niet mee naar het feestje, want hij kroop onder de wol om half tien.;wol;exp;4,62;0,866666667;3;;;;;;;;;
6;154;verb-final;correct;Felicia reageerde nogal afwezig, omdat ze met haar hoofd in de wolken was vanwege het huwelijksaanzoek.;wolken;exp;2,81;0,933333333;6;;;;;;;;;
1;154;verb-first;correct;Felicia reageerde nogal afwezig, want ze was met haar hoofd in de wolken vanwege het huwelijksaanzoek.;wolken;exp;2,81;1;6;;;;;;;;;
5;135;verb-final;correct;Max Verstappen weigerde na zijn nederlaag over de race te praten, omdat dat zout in de wond strooide bij de coureur.;wond;exp;4,58;0,866666667;4;;;;;;;;;
6;135;verb-first;correct;Max Verstappen weigerde na zijn nederlaag over de race te praten, want dat strooide zout in de wond bij de coureur.;wond;exp;4,58;1;4;;;;;;;;;
5;109;verb-final;correct;Aan de voornemens van Adriaan twijfelde Wilma nooit, omdat hij de daad bij het woord voegde meestal.;woord;exp;1,88;0,933333333;5;;;;;;;;;
6;109;verb-first;correct;Aan de voornemens van Adriaan twijfelde Wilma nooit, want hij voegde de daad bij het woord meestal.;woord;exp;1,88;1;5;;;;;;;;;
5;110;verb-final;correct;Het volk had geen vertrouwen meer in de overheid, omdat Rutte zijn kop in het zand stak bij problemen.;zand;exp;3,41;0,866666667;4;;;;;;;;;
6;110;verb-first;correct;Het volk had geen vertrouwen meer in de overheid, want Rutte stak zijn kop in het zand bij problemen.;zand;exp;3,41;0,923076923;4;;;;;;;;;
1;19;verb-final;correct;De huurmoordenaar kreeg een zware celstraf, omdat hij een drugsbaron om zeep hielp op de parkeerplaats.;zeep;exp;1,32;0,461538462;4;;;;;;;;;
2;19;verb-first;correct;De huurmoordenaar kreeg een zware celstraf, want hij hielp een drugsbaron om zeep op de parkeerplaats.;zeep;exp;1,32;0,454545455;4;;;;;;;;;
5;120;verb-final;correct;Stijns ouders konden gerust een avondje uitgaan, omdat de oppas een oogje in het zeil hield thuis.;zeil;exp;2,40;1;4;;;;;;;;;
6;120;verb-first;correct;Stijns ouders konden gerust een avondje uitgaan, want de oppas hield een oogje in het zeil thuis.;zeil;exp;2,40;1;4;;;;;;;;;
1;13;verb-final;correct;De winst van Anna's bedrijf was verdubbeld, omdat ze de wind in de zeilen had het afgelopen kwartaal.;zeilen;exp;4,73;0,769230769;6;;;;;;;;;
2;13;verb-first;correct;De winst van Anna's bedrijf was verdubbeld, want ze had de wind in de zeilen het afgelopen kwartaal.;zeilen;exp;4,73;0,454545455;6;;;;;;;;;
4;105;verb-final;correct;Lara had de islam niet achterlijk mogen noemen, omdat ze Zarek op zijn ziel trapte met die opmerking.;ziel;exp;1,22;0,363636364;4;;;;;;;;;
5;105;verb-first;correct;Lara had de islam niet achterlijk mogen noemen, want ze trapte Zarek op zijn ziel met die opmerking.;ziel;exp;1,22;0,6;4;;;;;;;;;
2;54;verb-final;correct;Hanna kon blijkbaar niet met geld omgaan, omdat haar spaargeld als sneeuw voor de zon verdween tijdens de uitverkoop.;zon;exp;4,07;0,923076923;3;;;;;;;;;
3;54;verb-first;correct;Hanna kon blijkbaar niet met geld omgaan, want haar spaargeld verdween als sneeuw voor de zon tijdens de uitverkoop.;zon;exp;4,07;1;3;;;;;;;;;
3;74;verb-final;correct;Op Moederdag verraste Tim zijn moeder, omdat hij haar in het zonnetje zette met bloemen.;zonnetje;exp;4,16;0,545454545;8;;;;;;;;;
4;74;verb-first;correct;Op Moederdag verraste Tim zijn moeder, want hij zette haar in het zonnetje met bloemen.;zonnetje;exp;4,16;1;8;;;;;;;;;
;;;;;;;;;;;;;;;;;;
;;;;;;;;;;;;;;;;;;
;;;;;;;;;;;;;;;;;;
;;;;;;;;;;;;;;;;;;
;;;;;;;;;;;;;;;;;;
;;;;;;;;;;;;;;;;;;
;;;;;;;;;;;;;;;;;;
;;;;;;;;;;;;;;;;;;
;;;;;;;;;;;;;;;;;;
;;;;;;;;;;;;;;;;;;
;;;;;;;;;;;;;;;;;;
;;;;;;;;;;;;;;;;;;
;;;;;;;;;;;;;;;;;;
;;;;;;;;;;;;;;;;;;
;;;;;;;;;;;;;;;;;;
;;;;;;;;;;;;;;;;;;
;;;;;;;;;;;;;;;;;;
;;;;;;;;;;;;;;;;;;
;;;;;;;;;;;;;;;;;;
;;;;;;;;;;;;;;;;;;
;;;;;;;;;;;;;;;;;;
;;;;;;;;;;;;;;;;;;
;;;;;;;;;;;;;;;;;;
;;;;;;;;;;;;;;;;;;
;;;;;;;;;;;;;;;;;;
;;;;;;;;;;;;;;;;;;
;;;;;;;;;;;;;;;;;;
;;;;;;;;;;;;;;;;;;
;;;;;;;;;;;;;;;;;;
;;;;;;;;;;;;;;;;;;
;;;;;;;;;;;;;;;;;;
;;;;;;;;;;;;;;;;;;
;;;;;;;;;;;;;;;;;;
;;;;;;;;;;;;;;;;;;
;;;;;;;;;;;;;;;;;;
;;;;;;;;;;;;;;;;;;
;;;;;;;;;;;;;;;;;;
;;;;;;;;;;;;;;;;;;
;;;;;;;;;;;;;;;;;;
;;;;;;;;;;;;;;;;;;
;;;;;;;;;;;;;;;;;;
;;;;;;;;;;;;;;;;;;
;;;;;;;;;;;;;;;;;;
;;;;;;;;;;;;;;;;;;
;;;;;;;;;;;;;;;;;;
;;;;;;;;;;;;;;;;;;
;;;;;;;;;;;;;;;;;;
;;;;;;;;;;;;;;;;;;
;;;;;;;;;;;;;;;;;;
;;;;;;;;;;;;;;;;;;
;;;;;;;;;;;;;;;;;;
;;;;;;;;;;;;;;;;;;
;;;;;;;;;;;;;;;;;;
;;;;;;;;;;;;;;;;;;
;;;;;;;;;;;;;;;;;;
;;;;;;;;;;;;;;;;;;
;;;;;;;;;;;;;;;;;;
;;;;;;;;;;;;;;;;;;
;;;;;;;;;;;;;;;;;;
;;;;;;;;;;;;;;;;;;
;;;;;;;;;;;;;;;;;;
;;;;;;;;;;;;;;;;;;
;;;;;;;;;;;;;;;;;;
;;;;;;;;;;;;;;;;;;
;;;;;;;;;;;;;;;;;;
;;;;;;;;;;;;;;;;;;
;;;;;;;;;;;;;;;;;;
;;;;;;;;;;;;;;;;;;
;;;;;;;;;;;;;;;;;;
;;;;;;;;;;;;;;;;;;
;;;;;;;;;;;;;;;;;;
;;;;;;;;;;;;;;;;;;
;;;;;;;;;;;;;;;;;;
;;;;;;;;;;;;;;;;;;
;;;;;;;;;;;;;;;;;;
;;;;;;;;;;;;;;;;;;
;;;;;;;;;;;;;;;;;;
;;;;;;;;;;;;;;;;;;
;;;;;;;;;;;;;;;;;;
;;;;;;;;;;;;;;;;;;
;;;;;;;;;;;;;;;;;;
;;;;;;;;;;;;;;;;;;
;;;;;;;;;;;;;;;;;;
;;;;;;;;;;;;;;;;;;
;;;;;;;;;;;;;;;;;;
;;;;;;;;;;;;;;;;;;
;;;;;;;;;;;;;;;;;;
;;;;;;;;;;;;;;;;;;
;;;;;;;;;;;;;;;;;;
;;;;;;;;;;;;;;;;;;
;;;;;;;;;;;;;;;;;;
;;;;;;;;;;;;;;;;;;
;;;;;;;;;;;;;;;;;;
;;;;;;;;;;;;;;;;;;
;;;;;;;;;;;;;;;;;;
;;;;;;;;;;;;;;;;;;
;;;;;;;;;;;;;;;;;;
;;;;;;;;;;;;;;;;;;
;;;;;;;;;;;;;;;;;;
;;;;;;;;;;;;;;;;;;
;;;;;;;;;;;;;;;;;;
;;;;;;;;;;;;;;;;;;
;;;;;;;;;;;;;;;;;;
;;;;;;;;;;;;;;;;;;
;;;;;;;;;;;;;;;;;;
;;;;;;;;;;;;;;;;;;
;;;;;;;;;;;;;;;;;;
;;;;;;;;;;;;;;;;;;
;;;;;;;;;;;;;;;;;;
;;;;;;;;;;;;;;;;;;
;;;;;;;;;;;;;;;;;;
;;;;;;;;;;;;;;;;;;
;;;;;;;;;;;;;;;;;;
;;;;;;;;;;;;;;;;;;
;;;;;;;;;;;;;;;;;;
;;;;;;;;;;;;;;;;;;
;;;;;;;;;;;;;;;;;;
;;;;;;;;;;;;;;;;;;
;;;;;;;;;;;;;;;;;;
;;;;;;;;;;;;;;;;;;
;;;;;;;;;;;;;;;;;;
;;;;;;;;;;;;;;;;;;
;;;;;;;;;;;;;;;;;;
;;;;;;;;;;;;;;;;;;
;;;;;;;;;;;;;;;;;;
;;;;;;;;;;;;;;;;;;
;;;;;;;;;;;;;;;;;;
;;;;;;;;;;;;;;;;;;
;;;;;;;;;;;;;;;;;;
;;;;;;;;;;;;;;;;;;
;;;;;;;;;;;;;;;;;;
;;;;;;;;;;;;;;;;;;
;;;;;;;;;;;;;;;;;;
;;;;;;;;;;;;;;;;;;
;;;;;;;;;;;;;;;;;;
;;;;;;;;;;;;;;;;;;
;;;;;;;;;;;;;;;;;;
;;;;;;;;;;;;;;;;;;
;;;;;;;;;;;;;;;;;;
;;;;;;;;;;;;;;;;;;
;;;;;;;;;;;;;;;;;;
;;;;;;;;;;;;;;;;;;
;;;;;;;;;;;;;;;;;;
;;;;;;;;;;;;;;;;;;
;;;;;;;;;;;;;;;;;;
;;;;;;;;;;;;;;;;;;
;;;;;;;;;;;;;;;;;;
;;;;;;;;;;;;;;;;;;
;;;;;;;;;;;;;;;;;;
;;;;;;;;;;;;;;;;;;
;;;;;;;;;;;;;;;;;;
;;;;;;;;;;;;;;;;;;
;;;;;;;;;;;;;;;;;;
;;;;;;;;;;;;;;;;;;
;;;;;;;;;;;;;;;;;;
;;;;;;;;;;;;;;;;;;
;;;;;;;;;;;;;;;;;;
;;;;;;;;;;;;;;;;;;
;;;;;;;;;;;;;;;;;;
;;;;;;;;;;;;;;;;;;
;;;;;;;;;;;;;;;;;;
;;;;;;;;;;;;;;;;;;
;;;;;;;;;;;;;;;;;;
;;;;;;;;;;;;;;;;;;
;;;;;;;;;;;;;;;;;;
;;;;;;;;;;;;;;;;;;
;;;;;;;;;;;;;;;;;;
;;;;;;;;;;;;;;;;;;
;;;;;;;;;;;;;;;;;;
;;;;;;;;;;;;;;;;;;
;;;;;;;;;;;;;;;;;;
;;;;;;;;;;;;;;;;;;
;;;;;;;;;;;;;;;;;;
;;;;;;;;;;;;;;;;;;
;;;;;;;;;;;;;;;;;;
;;;;;;;;;;;;;;;;;;
;;;;;;;;;;;;;;;;;;
;;;;;;;;;;;;;;;;;;
;;;;;;;;;;;;;;;;;;
;;;;;;;;;;;;;;;;;;
;;;;;;;;;;;;;;;;;;
;;;;;;;;;;;;;;;;;;
;;;;;;;;;;;;;;;;;;
;;;;;;;;;;;;;;;;;;
;;;;;;;;;;;;;;;;;;
;;;;;;;;;;;;;;;;;;
;;;;;;;;;;;;;;;;;;
;;;;;;;;;;;;;;;;;;
;;;;;;;;;;;;;;;;;;
;;;;;;;;;;;;;;;;;;
;;;;;;;;;;;;;;;;;;
;;;;;;;;;;;;;;;;;;
;;;;;;;;;;;;;;;;;;
;;;;;;;;;;;;;;;;;;
;;;;;;;;;;;;;;;;;;
;;;;;;;;;;;;;;;;;;
;;;;;;;;;;;;;;;;;;
;;;;;;;;;;;;;;;;;;
;;;;;;;;;;;;;;;;;;
;;;;;;;;;;;;;;;;;;
;;;;;;;;;;;;;;;;;;
;;;;;;;;;;;;;;;;;;
;;;;;;;;;;;;;;;;;;
;;;;;;;;;;;;;;;;;;
;;;;;;;;;;;;;;;;;;
;;;;;;;;;;;;;;;;;;
;;;;;;;;;;;;;;;;;;
;;;;;;;;;;;;;;;;;;
;;;;;;;;;;;;;;;;;;
;;;;;;;;;;;;;;;;;;
;;;;;;;;;;;;;;;;;;
;;;;;;;;;;;;;;;;;;
;;;;;;;;;;;;;;;;;;
;;;;;;;;;;;;;;;;;;
;;;;;;;;;;;;;;;;;;
;;;;;;;;;;;;;;;;;;
;;;;;;;;;;;;;;;;;;
;;;;;;;;;;;;;;;;;;
;;;;;;;;;;;;;;;;;;
;;;;;;;;;;;;;;;;;;
;;;;;;;;;;;;;;;;;;
;;;;;;;;;;;;;;;;;;
;;;;;;;;;;;;;;;;;;
;;;;;;;;;;;;;;;;;;
;;;;;;;;;;;;;;;;;;
;;;;;;;;;;;;;;;;;;
;;;;;;;;;;;;;;;;;;
;;;;;;;;;;;;;;;;;;
;;;;;;;;;;;;;;;;;;
;;;;;;;;;;;;;;;;;;
;;;;;;;;;;;;;;;;;;
;;;;;;;;;;;;;;;;;;
;;;;;;;;;;;;;;;;;;
;;;;;;;;;;;;;;;;;;
;;;;;;;;;;;;;;;;;;
;;;;;;;;;;;;;;;;;;
;;;;;;;;;;;;;;;;;;
;;;;;;;;;;;;;;;;;;
;;;;;;;;;;;;;;;;;;
;;;;;;;;;;;;;;;;;;
;;;;;;;;;;;;;;;;;;
;;;;;;;;;;;;;;;;;;
;;;;;;;;;;;;;;;;;;
;;;;;;;;;;;;;;;;;;
;;;;;;;;;;;;;;;;;;
;;;;;;;;;;;;;;;;;;
;;;;;;;;;;;;;;;;;;
;;;;;;;;;;;;;;;;;;
;;;;;;;;;;;;;;;;;;
;;;;;;;;;;;;;;;;;;
;;;;;;;;;;;;;;;;;;
;;;;;;;;;;;;;;;;;;
;;;;;;;;;;;;;;;;;;
;;;;;;;;;;;;;;;;;;
;;;;;;;;;;;;;;;;;;
;;;;;;;;;;;;;;;;;;
;;;;;;;;;;;;;;;;;;
;;;;;;;;;;;;;;;;;;
;;;;;;;;;;;;;;;;;;
;;;;;;;;;;;;;;;;;;
;;;;;;;;;;;;;;;;;;
;;;;;;;;;;;;;;;;;;
;;;;;;;;;;;;;;;;;;
;;;;;;;;;;;;;;;;;;
;;;;;;;;;;;;;;;;;;
;;;;;;;;;;;;;;;;;;
;;;;;;;;;;;;;;;;;;
;;;;;;;;;;;;;;;;;;
;;;;;;;;;;;;;;;;;;
;;;;;;;;;;;;;;;;;;
;;;;;;;;;;;;;;;;;;
;;;;;;;;;;;;;;;;;;
;;;;;;;;;;;;;;;;;;
;;;;;;;;;;;;;;;;;;
;;;;;;;;;;;;;;;;;;
;;;;;;;;;;;;;;;;;;
;;;;;;;;;;;;;;;;;;
;;;;;;;;;;;;;;;;;;
;;;;;;;;;;;;;;;;;;
;;;;;;;;;;;;;;;;;;
;;;;;;;;;;;;;;;;;;
;;;;;;;;;;;;;;;;;;
;;;;;;;;;;;;;;;;;;
;;;;;;;;;;;;;;;;;;
;;;;;;;;;;;;;;;;;;
;;;;;;;;;;;;;;;;;;
;;;;;;;;;;;;;;;;;;
;;;;;;;;;;;;;;;;;;
;;;;;;;;;;;;;;;;;;
;;;;;;;;;;;;;;;;;;
;;;;;;;;;;;;;;;;;;
;;;;;;;;;;;;;;;;;;
;;;;;;;;;;;;;;;;;;
;;;;;;;;;;;;;;;;;;
;;;;;;;;;;;;;;;;;;
;;;;;;;;;;;;;;;;;;
;;;;;;;;;;;;;;;;;;
;;;;;;;;;;;;;;;;;;
;;;;;;;;;;;;;;;;;;
;;;;;;;;;;;;;;;;;;
;;;;;;;;;;;;;;;;;;
;;;;;;;;;;;;;;;;;;
;;;;;;;;;;;;;;;;;;
;;;;;;;;;;;;;;;;;;
;;;;;;;;;;;;;;;;;;
;;;;;;;;;;;;;;;;;;
;;;;;;;;;;;;;;;;;;
;;;;;;;;;;;;;;;;;;
;;;;;;;;;;;;;;;;;;
;;;;;;;;;;;;;;;;;;
;;;;;;;;;;;;;;;;;;
;;;;;;;;;;;;;;;;;;
;;;;;;;;;;;;;;;;;;
;;;;;;;;;;;;;;;;;;
;;;;;;;;;;;;;;;;;;
;;;;;;;;;;;;;;;;;;
;;;;;;;;;;;;;;;;;;
;;;;;;;;;;;;;;;;;;
;;;;;;;;;;;;;;;;;;
;;;;;;;;;;;;;;;;;;
;;;;;;;;;;;;;;;;;;
;;;;;;;;;;;;;;;;;;
;;;;;;;;;;;;;;;;;;
;;;;;;;;;;;;;;;;;;
;;;;;;;;;;;;;;;;;;
;;;;;;;;;;;;;;;;;;
;;;;;;;;;;;;;;;;;;
;;;;;;;;;;;;;;;;;;
;;;;;;;;;;;;;;;;;;
;;;;;;;;;;;;;;;;;;
;;;;;;;;;;;;;;;;;;
;;;;;;;;;;;;;;;;;;
;;;;;;;;;;;;;;;;;;
;;;;;;;;;;;;;;;;;;
;;;;;;;;;;;;;;;;;;
;;;;;;;;;;;;;;;;;;
;;;;;;;;;;;;;;;;;;
;;;;;;;;;;;;;;;;;;
;;;;;;;;;;;;;;;;;;
;;;;;;;;;;;;;;;;;;
;;;;;;;;;;;;;;;;;;
;;;;;;;;;;;;;;;;;;
;;;;;;;;;;;;;;;;;;
;;;;;;;;;;;;;;;;;;
;;;;;;;;;;;;;;;;;;
;;;;;;;;;;;;;;;;;;
;;;;;;;;;;;;;;;;;;
;;;;;;;;;;;;;;;;;;
;;;;;;;;;;;;;;;;;;
;;;;;;;;;;;;;;;;;;
;;;;;;;;;;;;;;;;;;
;;;;;;;;;;;;;;;;;;
;;;;;;;;;;;;;;;;;;
;;;;;;;;;;;;;;;;;;
;;;;;;;;;;;;;;;;;;
;;;;;;;;;;;;;;;;;;
;;;;;;;;;;;;;;;;;;
;;;;;;;;;;;;;;;;;;
;;;;;;;;;;;;;;;;;;
;;;;;;;;;;;;;;;;;;
;;;;;;;;;;;;;;;;;;
;;;;;;;;;;;;;;;;;;
;;;;;;;;;;;;;;;;;;
;;;;;;;;;;;;;;;;;;
;;;;;;;;;;;;;;;;;;
;;;;;;;;;;;;;;;;;;
;;;;;;;;;;;;;;;;;;
;;;;;;;;;;;;;;;;;;
;;;;;;;;;;;;;;;;;;
;;;;;;;;;;;;;;;;;;
;;;;;;;;;;;;;;;;;;
;;;;;;;;;;;;;;;;;;
;;;;;;;;;;;;;;;;;;
;;;;;;;;;;;;;;;;;;
;;;;;;;;;;;;;;;;;;
;;;;;;;;;;;;;;;;;;
;;;;;;;;;;;;;;;;;;
;;;;;;;;;;;;;;;;;;
;;;;;;;;;;;;;;;;;;
;;;;;;;;;;;;;;;;;;
;;;;;;;;;;;;;;;;;;
;;;;;;;;;;;;;;;;;;
;;;;;;;;;;;;;;;;;;
;;;;;;;;;;;;;;;;;;
;;;;;;;;;;;;;;;;;;
;;;;;;;;;;;;;;;;;;
;;;;;;;;;;;;;;;;;;
;;;;;;;;;;;;;;;;;;
;;;;;;;;;;;;;;;;;;
;;;;;;;;;;;;;;;;;;
;;;;;;;;;;;;;;;;;;
;;;;;;;;;;;;;;;;;;
;;;;;;;;;;;;;;;;;;
;;;;;;;;;;;;;;;;;;
;;;;;;;;;;;;;;;;;;
;;;;;;;;;;;;;;;;;;
;;;;;;;;;;;;;;;;;;
;;;;;;;;;;;;;;;;;;
;;;;;;;;;;;;;;;;;;
;;;;;;;;;;;;;;;;;;
;;;;;;;;;;;;;;;;;;
;;;;;;;;;;;;;;;;;;
;;;;;;;;;;;;;;;;;;
;;;;;;;;;;;;;;;;;;
;;;;;;;;;;;;;;;;;;
;;;;;;;;;;;;;;;;;;
;;;;;;;;;;;;;;;;;;
;;;;;;;;;;;;;;;;;;
;;;;;;;;;;;;;;;;;;
;;;;;;;;;;;;;;;;;;
;;;;;;;;;;;;;;;;;;
;;;;;;;;;;;;;;;;;;
;;;;;;;;;;;;;;;;;;
;;;;;;;;;;;;;;;;;;
;;;;;;;;;;;;;;;;;;
;;;;;;;;;;;;;;;;;;
;;;;;;;;;;;;;;;;;;
;;;;;;;;;;;;;;;;;;
;;;;;;;;;;;;;;;;;;
;;;;;;;;;;;;;;;;;;
;;;;;;;;;;;;;;;;;;
;;;;;;;;;;;;;;;;;;
;;;;;;;;;;;;;;;;;;
;;;;;;;;;;;;;;;;;;
;;;;;;;;;;;;;;;;;;
;;;;;;;;;;;;;;;;;;
;;;;;;;;;;;;;;;;;;
;;;;;;;;;;;;;;;;;;
;;;;;;;;;;;;;;;;;;
;;;;;;;;;;;;;;;;;;
;;;;;;;;;;;;;;;;;;
;;;;;;;;;;;;;;;;;;
;;;;;;;;;;;;;;;;;;
;;;;;;;;;;;;;;;;;;
;;;;;;;;;;;;;;;;;;
;;;;;;;;;;;;;;;;;;
;;;;;;;;;;;;;;;;;;
;;;;;;;;;;;;;;;;;;
;;;;;;;;;;;;;;;;;;
;;;;;;;;;;;;;;;;;;
;;;;;;;;;;;;;;;;;;
;;;;;;;;;;;;;;;;;;
;;;;;;;;;;;;;;;;;;
;;;;;;;;;;;;;;;;;;
;;;;;;;;;;;;;;;;;;
;;;;;;;;;;;;;;;;;;
;;;;;;;;;;;;;;;;;;
;;;;;;;;;;;;;;;;;;
;;;;;;;;;;;;;;;;;;
;;;;;;;;;;;;;;;;;;
;;;;;;;;;;;;;;;;;;
;;;;;;;;;;;;;;;;;;
;;;;;;;;;;;;;;;;;;
;;;;;;;;;;;;;;;;;;
;;;;;;;;;;;;;;;;;;
;;;;;;;;;;;;;;;;;;
;;;;;;;;;;;;;;;;;;
;;;;;;;;;;;;;;;;;;
;;;;;;;;;;;;;;;;;;
;;;;;;;;;;;;;;;;;;
;;;;;;;;;;;;;;;;;;
;;;;;;;;;;;;;;;;;;
;;;;;;;;;;;;;;;;;;
;;;;;;;;;;;;;;;;;;
;;;;;;;;;;;;;;;;;;
;;;;;;;;;;;;;;;;;;
;;;;;;;;;;;;;;;;;;
;;;;;;;;;;;;;;;;;;
;;;;;;;;;;;;;;;;;;
;;;;;;;;;;;;;;;;;;
;;;;;;;;;;;;;;;;;;
;;;;;;;;;;;;;;;;;;
;;;;;;;;;;;;;;;;;;
;;;;;;;;;;;;;;;;;;
;;;;;;;;;;;;;;;;;;
;;;;;;;;;;;;;;;;;;
;;;;;;;;;;;;;;;;;;
;;;;;;;;;;;;;;;;;;
;;;;;;;;;;;;;;;;;;
;;;;;;;;;;;;;;;;;;
;;;;;;;;;;;;;;;;;;
;;;;;;;;;;;;;;;;;;
;;;;;;;;;;;;;;;;;;
;;;;;;;;;;;;;;;;;;
;;;;;;;;;;;;;;;;;;
;;;;;;;;;;;;;;;;;;
;;;;;;;;;;;;;;;;;;
;;;;;;;;;;;;;;;;;;
;;;;;;;;;;;;;;;;;;
;;;;;;;;;;;;;;;;;;
;;;;;;;;;;;;;;;;;;
;;;;;;;;;;;;;;;;;;
;;;;;;;;;;;;;;;;;;
;;;;;;;;;;;;;;;;;;
;;;;;;;;;;;;;;;;;;
;;;;;;;;;;;;;;;;;;
;;;;;;;;;;;;;;;;;;
;;;;;;;;;;;;;;;;;;
;;;;;;;;;;;;;;;;;;
;;;;;;;;;;;;;;;;;;
;;;;;;;;;;;;;;;;;;
;;;;;;;;;;;;;;;;;;
;;;;;;;;;;;;;;;;;;
;;;;;;;;;;;;;;;;;;
;;;;;;;;;;;;;;;;;;
;;;;;;;;;;;;;;;;;;
;;;;;;;;;;;;;;;;;;
;;;;;;;;;;;;;;;;;;
;;;;;;;;;;;;;;;;;;
;;;;;;;;;;;;;;;;;;
;;;;;;;;;;;;;;;;;;
;;;;;;;;;;;;;;;;;;
;;;;;;;;;;;;;;;;;;
;;;;;;;;;;;;;;;;;;
;;;;;;;;;;;;;;;;;;
;;;;;;;;;;;;;;;;;;
;;;;;;;;;;;;;;;;;;
;;;;;;;;;;;;;;;;;;
;;;;;;;;;;;;;;;;;;
;;;;;;;;;;;;;;;;;;
;;;;;;;;;;;;;;;;;;
;;;;;;;;;;;;;;;;;;
;;;;;;;;;;;;;;;;;;
;;;;;;;;;;;;;;;;;;
;;;;;;;;;;;;;;;;;;
;;;;;;;;;;;;;;;;;;
;;;;;;;;;;;;;;;;;;
;;;;;;;;;;;;;;;;;;
;;;;;;;;;;;;;;;;;;
;;;;;;;;;;;;;;;;;;
;;;;;;;;;;;;;;;;;;
;;;;;;;;;;;;;;;;;;
;;;;;;;;;;;;;;;;;;
;;;;;;;;;;;;;;;;;;
;;;;;;;;;;;;;;;;;;
;;;;;;;;;;;;;;;;;;
;;;;;;;;;;;;;;;;;;
;;;;;;;;;;;;;;;;;;
;;;;;;;;;;;;;;;;;;
;;;;;;;;;;;;;;;;;;
;;;;;;;;;;;;;;;;;;
;;;;;;;;;;;;;;;;;;
;;;;;;;;;;;;;;;;;;
;;;;;;;;;;;;;;;;;;
;;;;;;;;;;;;;;;;;;
;;;;;;;;;;;;;;;;;;
;;;;;;;;;;;;;;;;;;
;;;;;;;;;;;;;;;;;;
;;;;;;;;;;;;;;;;;;
;;;;;;;;;;;;;;;;;;
;;;;;;;;;;;;;;;;;;
;;;;;;;;;;;;;;;;;;
;;;;;;;;;;;;;;;;;;
;;;;;;;;;;;;;;;;;;
;;;;;;;;;;;;;;;;;;
;;;;;;;;;;;;;;;;;;
;;;;;;;;;;;;;;;;;;
;;;;;;;;;;;;;;;;;;
;;;;;;;;;;;;;;;;;;
;;;;;;;;;;;;;;;;;;
;;;;;;;;;;;;;;;;;;
;;;;;;;;;;;;;;;;;;
;;;;;;;;;;;;;;;;;;
;;;;;;;;;;;;;;;;;;
;;;;;;;;;;;;;;;;;;
;;;;;;;;;;;;;;;;;;
;;;;;;;;;;;;;;;;;;
;;;;;;;;;;;;;;;;;;
;;;;;;;;;;;;;;;;;;
;;;;;;;;;;;;;;;;;;
;;;;;;;;;;;;;;;;;;
;;;;;;;;;;;;;;;;;;
;;;;;;;;;;;;;;;;;;
;;;;;;;;;;;;;;;;;;
;;;;;;;;;;;;;;;;;;
;;;;;;;;;;;;;;;;;;
;;;;;;;;;;;;;;;;;;
;;;;;;;;;;;;;;;;;;
;;;;;;;;;;;;;;;;;;
;;;;;;;;;;;;;;;;;;
;;;;;;;;;;;;;;;;;;
;;;;;;;;;;;;;;;;;;
;;;;;;;;;;;;;;;;;;
;;;;;;;;;;;;;;;;;;
;;;;;;;;;;;;;;;;;;
;;;;;;;;;;;;;;;;;;
;;;;;;;;;;;;;;;;;;
;;;;;;;;;;;;;;;;;;
;;;;;;;;;;;;;;;;;;
;;;;;;;;;;;;;;;;;;
;;;;;;;;;;;;;;;;;;
;;;;;;;;;;;;;;;;;;
;;;;;;;;;;;;;;;;;;
;;;;;;;;;;;;;;;;;;
;;;;;;;;;;;;;;;;;;
;;;;;;;;;;;;;;;;;;
;;;;;;;;;;;;;;;;;;
;;;;;;;;;;;;;;;;;;
;;;;;;;;;;;;;;;;;;
;;;;;;;;;;;;;;;;;;
;;;;;;;;;;;;;;;;;;
;;;;;;;;;;;;;;;;;;
;;;;;;;;;;;;;;;;;;
;;;;;;;;;;;;;;;;;;
;;;;;;;;;;;;;;;;;;
;;;;;;;;;;;;;;;;;;
;;;;;;;;;;;;;;;;;;
;;;;;;;;;;;;;;;;;;
;;;;;;;;;;;;;;;;;;
;;;;;;;;;;;;;;;;;;
;;;;;;;;;;;;;;;;;;
;;;;;;;;;;;;;;;;;;
;;;;;;;;;;;;;;;;;;
;;;;;;;;;;;;;;;;;;
;;;;;;;;;;;;;;;;;;
;;;;;;;;;;;;;;;;;;
;;;;;;;;;;;;;;;;;;
;;;;;;;;;;;;;;;;;;
;;;;;;;;;;;;;;;;;;
;;;;;;;;;;;;;;;;;;
;;;;;;;;;;;;;;;;;;
;;;;;;;;;;;;;;;;;;
;;;;;;;;;;;;;;;;;;
;;;;;;;;;;;;;;;;;;
;;;;;;;;;;;;;;;;;;
;;;;;;;;;;;;;;;;;;
;;;;;;;;;;;;;;;;;;
;;;;;;;;;;;;;;;;;;
;;;;;;;;;;;;;;;;;;
;;;;;;;;;;;;;;;;;;
;;;;;;;;;;;;;;;;;;
;;;;;;;;;;;;;;;;;;
;;;;;;;;;;;;;;;;;;
;;;;;;;;;;;;;;;;;;
;;;;;;;;;;;;;;;;;;
;;;;;;;;;;;;;;;;;;
;;;;;;;;;;;;;;;;;;
;;;;;;;;;;;;;;;;;;
;;;;;;;;;;;;;;;;;;
;;;;;;;;;;;;;;;;;;
;;;;;;;;;;;;;;;;;;
;;;;;;;;;;;;;;;;;;
;;;;;;;;;;;;;;;;;;
;;;;;;;;;;;;;;;;;;
;;;;;;;;;;;;;;;;;;
;;;;;;;;;;;;;;;;;;
;;;;;;;;;;;;;;;;;;
;;;;;;;;;;;;;;;;;;
;;;;;;;;;;;;;;;;;;
;;;;;;;;;;;;;;;;;;
;;;;;;;;;;;;;;;;;;
;;;;;;;;;;;;;;;;;;
;;;;;;;;;;;;;;;;;;
;;;;;;;;;;;;;;;;;;
;;;;;;;;;;;;;;;;;;
;;;;;;;;;;;;;;;;;;
;;;;;;;;;;;;;;;;;;
;;;;;;;;;;;;;;;;;;
;;;;;;;;;;;;;;;;;;
;;;;;;;;;;;;;;;;;;
;;;;;;;;;;;;;;;;;;
;;;;;;;;;;;;;;;;;;
;;;;;;;;;;;;;;;;;;
;;;;;;;;;;;;;;;;;;
;;;;;;;;;;;;;;;;;;
;;;;;;;;;;;;;;;;;;
;;;;;;;;;;;;;;;;;;
;;;;;;;;;;;;;;;;;;
;;;;;;;;;;;;;;;;;;
;;;;;;;;;;;;;;;;;;
;;;;;;;;;;;;;;;;;;
;;;;;;;;;;;;;;;;;;
;;;;;;;;;;;;;;;;;;
;;;;;;;;;;;;;;;;;;
;;;;;;;;;;;;;;;;;;
